"hour","SWH","WavePeriod"
1,5,14
2,5,14
3,5,14
4,5,14
5,5,14
6,5,14
7,5,14
8,5,14
9,4,14
10,5,14
11,5,14
12,5,13
13,5,13
14,5,13
15,5,13
16,5,13
17,5,13
18,5,13
19,5,13
20,5,13
21,5,14
22,5,14
23,5,14
24,5,14
25,5,14
26,5,14
27,5,14
28,5,14
29,5,14
30,5,14
31,5,14
32,5,14
33,5,14
34,5,14
35,5,14
36,5,15
37,5,16
38,5,15
39,5,15
40,5,15
41,5,15
42,5,15
43,5,15
44,5,15
45,5,15
46,5,15
47,5,15
48,5,16
49,4,15
50,4,15
51,4,15
52,4,15
53,4,15
54,4,16
55,4,16
56,4,15
57,4,15
58,4,15
59,4,15
60,4,14
61,4,13
62,3,13
63,3,13
64,3,13
65,3,13
66,3,12
67,3,13
68,3,13
69,3,14
70,3,14
71,3,13
72,3,14
73,3,14
74,3,15
75,3,15
76,3,15
77,3,15
78,3,15
79,3,15
80,3,15
81,3,15
82,3,15
83,3,15
84,3,15
85,3,15
86,3,14
87,3,14
88,3,14
89,3,15
90,3,15
91,3,15
92,3,16
93,3,16
94,3,16
95,3,16
96,3,16
97,3,16
98,3,16
99,4,16
100,4,17
101,4,17
102,4,17
103,4,17
104,4,17
105,4,16
106,5,16
107,5,15
108,5,14
109,6,14
110,6,14
111,6,14
112,6,14
113,6,14
114,6,14
115,6,13
116,7,13
117,7,13
118,7,13
119,7,14
120,8,13
121,8,13
122,8,13
123,9,12
124,8,11
125,8,11
126,8,11
127,8,11
128,8,11
129,8,11
130,8,11
131,8,11
132,8,11
133,8,11
134,8,11
135,8,11
136,8,10
137,8,10
138,8,10
139,7,10
140,7,10
141,7,10
142,7,10
143,7,10
144,7,10
145,6,10
146,6,10
147,6,10
148,6,10
149,6,9
150,6,9
151,6,9
152,6,10
153,6,10
154,6,10
155,6,10
156,6,9
157,6,7
158,6,7
159,6,7
160,6,7
161,6,7
162,6,8
163,6,8
164,6,8
165,5,8
166,5,9
167,5,9
168,5,9
169,5,9
170,5,9
171,5,10
172,5,10
173,5,10
174,5,9
175,5,9
176,5,10
177,5,11
178,5,11
179,5,10
180,5,10
181,5,11
182,6,11
183,7,11
184,7,11
185,7,11
186,8,11
187,7,11
188,7,11
189,7,11
190,7,11
191,7,11
192,7,11
193,7,11
194,6,11
195,6,11
196,6,11
197,6,11
198,6,10
199,6,12
200,6,11
201,6,11
202,6,10
203,6,11
204,6,11
205,6,11
206,6,11
207,6,12
208,5,13
209,5,13
210,5,13
211,5,13
212,5,13
213,5,13
214,6,13
215,7,13
216,7,13
217,7,12
218,7,12
219,7,13
220,7,13
221,7,12
222,7,12
223,7,12
224,7,13
225,7,13
226,7,13
227,7,13
228,7,13
229,7,14
230,7,15
231,7,15
232,7,15
233,7,15
234,6,15
235,6,15
236,6,15
237,6,15
238,7,15
239,6,15
240,6,14
241,6,13
242,6,13
243,6,12
244,7,12
245,8,12
246,8,12
247,8,12
248,7,12
249,7,12
250,7,12
251,7,12
252,7,12
253,7,11
254,7,11
255,7,11
256,6,13
257,6,13
258,6,12
259,5,11
260,5,10
261,5,10
262,5,9
263,5,10
264,5,11
265,5,11
266,5,11
267,5,11
268,5,12
269,5,12
270,5,12
271,5,11
272,5,10
273,4,10
274,4,10
275,4,10
276,4,10
277,5,10
278,5,10
279,5,10
280,6,10
281,6,10
282,7,10
283,7,10
284,7,8
285,7,8
286,7,8
287,7,7
288,7,7
289,8,7
290,8,7
291,8,7
292,8,8
293,8,8
294,7,8
295,7,8
296,7,8
297,8,8
298,8,8
299,8,8
300,8,7
301,8,7
302,8,7
303,8,7
304,8,7
305,8,8
306,8,8
307,8,7
308,8,8
309,8,8
310,8,8
311,8,9
312,8,9
313,8,10
314,8,9
315,8,9
316,8,9
317,8,9
318,8,9
319,8,8
320,8,8
321,8,8
322,8,7
323,8,7
324,8,7
325,9,7
326,9,7
327,9,7
328,9,7
329,9,7
330,10,7
331,10,7
332,10,8
333,10,8
334,12,8
335,12,8
336,11,8
337,12,8
338,12,9
339,12,9
340,12,9
341,12,9
342,11,9
343,11,9
344,12,10
345,11,10
346,11,10
347,11,10
348,11,11
349,11,11
350,11,11
351,11,11
352,11,11
353,11,10
354,11,10
355,12,9
356,12,10
357,12,9
358,12,9
359,12,9
360,12,9
361,12,9
362,12,9
363,12,9
364,12,9
365,12,9
366,13,9
367,13,11
368,13,11
369,12,11
370,12,11
371,12,11
372,12,11
373,13,11
374,13,11
375,12,12
376,11,12
377,11,12
378,11,12
379,11,12
380,11,12
381,11,12
382,11,12
383,11,12
384,11,13
385,10,13
386,10,13
387,10,13
388,10,12
389,10,12
390,10,10
391,10,10
392,10,11
393,10,11
394,10,11
395,10,11
396,10,11
397,10,11
398,10,12
399,10,12
400,10,13
401,10,13
402,10,13
403,10,13
404,10,12
405,10,12
406,10,12
407,10,12
408,11,13
409,10,13
410,11,12
411,12,12
412,12,11
413,13,11
414,13,11
415,12,11
416,12,11
417,12,11
418,11,12
419,11,12
420,11,12
421,11,12
422,11,11
423,11,11
424,11,11
425,11,11
426,12,11
427,12,12
428,13,12
429,13,12
430,13,11
431,13,11
432,13,11
433,13,11
434,13,11
435,13,10
436,12,10
437,11,9
438,10,10
439,10,10
440,10,9
441,10,9
442,9,9
443,9,9
444,9,9
445,9,9
446,10,9
447,11,9
448,11,7
449,13,7
450,13,7
451,13,7
452,13,7
453,12,7
454,12,7
455,11,8
456,11,8
457,11,8
458,11,7
459,11,7
460,11,7
461,11,6
462,11,7
463,11,7
464,11,7
465,11,7
466,12,7
467,12,7
468,12,7
469,12,7
470,12,7
471,11,7
472,11,7
473,11,7
474,11,7
475,11,8
476,11,8
477,11,8
478,11,8
479,11,8
480,12,9
481,12,9
482,12,9
483,12,9
484,13,9
485,13,9
486,14,9
487,13,9
488,14,9
489,14,9
490,13,9
491,13,9
492,13,9
493,14,9
494,13,9
495,13,9
496,13,9
497,13,9
498,13,9
499,13,9
500,13,9
501,13,9
502,13,9
503,13,9
504,13,9
505,14,9
506,14,8
507,14,8
508,14,8
509,14,8
510,14,8
511,14,8
512,14,7
513,14,6
514,14,6
515,14,6
516,15,6
517,15,6
518,15,6
519,15,6
520,15,6
521,16,6
522,17,6
523,17,6
524,17,6
525,17,7
526,17,7
527,17,7
528,17,8
529,17,8
530,16,8
531,16,8
532,16,8
533,16,8
534,16,8
535,17,9
536,17,9
537,18,9
538,19,9
539,18,9
540,17,9
541,17,9
542,17,8
543,18,9
544,18,10
545,18,10
546,18,10
547,17,9
548,17,9
549,17,9
550,16,9
551,16,10
552,16,9
553,15,8
554,15,9
555,14,9
556,13,8
557,13,8
558,12,8
559,12,8
560,12,8
561,12,8
562,11,9
563,11,9
564,11,9
565,10,9
566,10,9
567,10,9
568,10,9
569,10,8
570,10,8
571,10,8
572,9,8
573,9,9
574,9,9
575,9,9
576,9,9
577,8,9
578,9,9
579,9,9
580,9,9
581,9,9
582,9,10
583,9,10
584,9,10
585,10,10
586,10,11
587,9,11
588,9,11
589,9,11
590,9,12
591,9,13
592,10,13
593,10,13
594,10,13
595,10,13
596,11,13
597,11,13
598,11,13
599,11,13
600,10,13
601,10,13
602,10,12
603,10,13
604,10,12
605,10,12
606,10,12
607,10,12
608,10,12
609,10,13
610,11,13
611,11,13
612,11,13
613,12,13
614,11,13
615,11,13
616,11,13
617,11,14
618,11,14
619,12,15
620,12,14
621,13,14
622,13,15
623,13,15
624,12,15
625,13,15
626,12,15
627,12,15
628,12,15
629,11,15
630,11,15
631,11,15
632,10,15
633,10,15
634,10,15
635,10,14
636,9,15
637,9,15
638,9,15
639,9,14
640,9,14
641,9,13
642,9,13
643,9,13
644,9,13
645,9,13
646,9,13
647,9,13
648,9,13
649,9,13
650,9,13
651,9,13
652,9,13
653,9,14
654,9,14
655,9,14
656,9,14
657,9,14
658,9,14
659,9,14
660,9,14
661,9,14
662,9,14
663,9,14
664,9,15
665,9,15
666,8,15
667,8,15
668,8,15
669,8,15
670,8,15
671,7,15
672,7,14
673,7,14
674,6,13
675,6,13
676,6,13
677,6,13
678,6,13
679,6,14
680,6,16
681,6,16
682,6,16
683,6,16
684,6,16
685,6,14
686,6,14
687,6,15
688,6,15
689,6,15
690,6,15
691,6,15
692,6,15
693,6,15
694,6,15
695,6,15
696,6,15
697,6,15
698,7,15
699,7,15
700,7,15
701,7,15
702,7,15
703,7,15
704,7,15
705,7,15
706,7,15
707,7,16
708,7,17
709,7,19
710,7,18
711,7,18
712,7,18
713,7,18
714,8,18
715,7,18
716,7,19
717,7,19
718,7,19
719,8,18
720,9,19
721,10,20
722,10,20
723,10,20
724,10,21
725,10,20
726,10,20
727,10,20
728,10,20
729,10,20
730,10,20
731,10,19
732,10,20
733,10,20
734,11,21
735,12,21
736,12,21
737,12,21
738,12,21
739,12,21
740,12,21
741,12,20
742,11,19
743,11,19
744,11,19
745,11,19
746,11,19
747,11,18
748,11,17
749,11,17
750,11,17
751,11,17
752,11,17
753,10,17
754,10,17
755,10,17
756,10,17
757,10,17
758,10,17
759,9,18
760,9,18
761,9,18
762,10,18
763,10,20
764,9,20
765,9,20
766,10,19
767,9,19
768,9,20
769,9,20
770,9,12
771,9,12
772,8,12
773,8,12
774,8,12
775,9,12
776,10,12
777,10,12
778,10,12
779,11,12
780,11,12
781,11,12
782,11,13
783,11,13
784,11,13
785,11,13
786,11,13
787,11,13
788,11,15
789,11,14
790,10,14
791,9,13
792,9,13
793,9,13
794,9,13
795,9,13
796,9,13
797,9,13
798,9,12
799,9,12
800,10,12
801,10,12
802,11,12
803,11,12
804,11,11
805,11,11
806,11,11
807,11,11
808,12,12
809,12,11
810,12,11
811,11,11
812,11,11
813,10,11
814,11,11
815,11,11
816,11,11
817,12,11
818,11,10
819,11,8
820,11,8
821,11,8
822,12,8
823,12,8
824,12,8
825,12,8
826,12,8
827,12,8
828,12,7
829,12,7
830,13,8
831,14,8
832,16,8
833,15,8
834,15,8
835,15,8
836,15,8
837,15,8
838,15,9
839,15,9
840,15,9
841,15,9
842,15,7
843,15,7
844,15,8
845,16,8
846,15,8
847,15,8
848,14,8
849,13,8
850,13,8
851,13,9
852,13,9
853,13,9
854,13,9
855,13,9
856,13,9
857,13,9
858,12,9
859,12,9
860,12,9
861,12,9
862,11,10
863,11,10
864,11,10
865,11,11
866,11,11
867,11,10
868,11,10
869,10,10
870,9,10
871,10,10
872,10,9
873,10,10
874,9,10
875,9,9
876,9,9
877,9,9
878,9,10
879,9,10
880,8,10
881,8,11
882,7,11
883,7,12
884,6,12
885,6,12
886,6,12
887,6,12
888,6,13
889,6,13
890,6,13
891,6,13
892,6,13
893,5,13
894,5,13
895,5,13
896,5,12
897,5,12
898,6,12
899,6,13
900,6,13
901,6,13
902,6,13
903,6,13
904,6,13
905,6,13
906,6,13
907,6,13
908,6,13
909,6,13
910,6,13
911,6,13
912,6,13
913,7,13
914,7,14
915,7,14
916,7,14
917,7,13
918,7,13
919,7,14
920,7,15
921,8,15
922,8,15
923,8,15
924,8,15
925,8,15
926,7,15
927,7,14
928,7,14
929,7,14
930,7,14
931,7,15
932,7,15
933,6,15
934,6,16
935,6,16
936,6,16
937,6,16
938,6,16
939,6,15
940,6,14
941,6,14
942,6,14
943,6,14
944,6,14
945,6,14
946,6,15
947,6,13
948,6,13
949,6,12
950,7,12
951,7,13
952,7,13
953,7,13
954,7,13
955,7,13
956,7,13
957,6,13
958,6,13
959,6,13
960,6,13
961,6,13
962,6,13
963,6,13
964,6,12
965,6,12
966,6,12
967,6,12
968,6,12
969,6,12
970,6,13
971,6,13
972,6,13
973,6,13
974,6,13
975,6,12
976,6,13
977,6,12
978,6,11
979,6,11
980,6,10
981,5,11
982,5,12
983,5,12
984,6,12
985,6,12
986,6,13
987,6,13
988,6,13
989,6,13
990,6,13
991,6,13
992,6,13
993,6,13
994,6,13
995,6,13
996,6,13
997,6,13
998,6,13
999,6,12
1000,6,12
1001,6,11
1002,6,11
1003,6,11
1004,6,12
1005,6,13
1006,6,13
1007,6,12
1008,6,12
1009,6,12
1010,6,11
1011,5,11
1012,5,11
1013,5,11
1014,4,11
1015,4,11
1016,4,12
1017,4,12
1018,4,12
1019,4,11
1020,4,10
1021,4,9
1022,4,9
1023,4,9
1024,4,10
1025,4,10
1026,4,10
1027,4,10
1028,4,10
1029,4,10
1030,5,10
1031,5,9
1032,5,9
1033,5,8
1034,5,8
1035,4,9
1036,4,8
1037,4,8
1038,4,10
1039,4,10
1040,4,10
1041,4,10
1042,4,10
1043,3,10
1044,4,10
1045,4,10
1046,4,9
1047,4,9
1048,4,9
1049,4,9
1050,4,10
1051,4,9
1052,4,9
1053,4,9
1054,4,9
1055,4,9
1056,4,9
1057,4,9
1058,4,9
1059,4,9
1060,4,9
1061,4,9
1062,5,9
1063,5,9
1064,5,9
1065,5,9
1066,6,9
1067,6,10
1068,6,10
1069,6,10
1070,6,11
1071,6,11
1072,9,11
1073,8,12
1074,8,12
1075,8,12
1076,8,12
1077,8,12
1078,8,13
1079,8,12
1080,8,12
1081,8,12
1082,8,12
1083,8,13
1084,7,13
1085,8,13
1086,8,13
1087,8,13
1088,8,12
1089,8,11
1090,8,11
1091,8,11
1092,8,12
1093,9,11
1094,9,10
1095,9,10
1096,8,10
1097,7,10
1098,7,10
1099,7,10
1100,7,11
1101,7,10
1102,7,10
1103,6,10
1104,6,9
1105,6,9
1106,6,10
1107,6,11
1108,6,11
1109,6,11
1110,6,10
1111,6,10
1112,6,10
1113,6,10
1114,6,10
1115,6,10
1116,6,10
1117,7,10
1118,7,11
1119,7,12
1120,7,12
1121,7,12
1122,8,12
1123,8,12
1124,8,12
1125,8,11
1126,8,11
1127,8,12
1128,9,11
1129,9,10
1130,8,10
1131,8,10
1132,8,10
1133,8,11
1134,8,11
1135,8,11
1136,8,11
1137,8,9
1138,8,8
1139,8,8
1140,8,8
1141,9,8
1142,9,8
1143,9,8
1144,11,9
1145,10,8
1146,10,8
1147,10,8
1148,11,8
1149,11,7
1150,11,7
1151,11,7
1152,11,7
1153,11,7
1154,11,8
1155,12,8
1156,12,8
1157,12,8
1158,12,8
1159,11,8
1160,12,9
1161,12,9
1162,12,9
1163,12,10
1164,12,10
1165,12,9
1166,12,9
1167,12,9
1168,13,9
1169,13,9
1170,13,7
1171,13,8
1172,13,8
1173,13,8
1174,13,9
1175,13,9
1176,13,9
1177,13,9
1178,13,9
1179,13,9
1180,14,9
1181,14,9
1182,14,9
1183,15,9
1184,15,9
1185,16,9
1186,16,8
1187,16,9
1188,16,9
1189,17,9
1190,18,9
1191,17,9
1192,18,8
1193,17,8
1194,18,9
1195,18,9
1196,18,10
1197,18,10
1198,19,11
1199,19,12
1200,19,12
1201,20,12
1202,21,12
1203,20,12
1204,19,12
1205,18,12
1206,18,11
1207,18,12
1208,19,12
1209,19,12
1210,19,12
1211,19,11
1212,18,11
1213,17,11
1214,17,11
1215,17,11
1216,17,11
1217,17,11
1218,17,11
1219,16,10
1220,16,10
1221,15,10
1222,15,10
1223,14,10
1224,14,10
1225,14,10
1226,13,10
1227,13,11
1228,13,11
1229,13,11
1230,13,11
1231,13,10
1232,13,10
1233,13,10
1234,13,10
1235,13,10
1236,14,10
1237,14,10
1238,14,9
1239,16,9
1240,16,9
1241,16,9
1242,16,9
1243,16,9
1244,16,10
1245,15,9
1246,14,9
1247,13,9
1248,12,9
1249,12,10
1250,12,9
1251,12,9
1252,11,9
1253,12,9
1254,11,9
1255,11,9
1256,11,8
1257,11,8
1258,11,8
1259,11,8
1260,11,8
1261,11,8
1262,11,8
1263,11,7
1264,11,7
1265,11,7
1266,11,7
1267,11,7
1268,11,7
1269,11,7
1270,11,7
1271,11,7
1272,11,7
1273,12,7
1274,12,8
1275,13,8
1276,13,9
1277,12,9
1278,13,9
1279,13,8
1280,12,8
1281,11,8
1282,11,8
1283,11,8
1284,10,8
1285,9,8
1286,8,8
1287,8,8
1288,8,8
1289,7,8
1290,7,9
1291,7,10
1292,7,10
1293,7,10
1294,6,11
1295,6,11
1296,6,11
1297,6,11
1298,7,13
1299,7,13
1300,7,13
1301,7,13
1302,7,13
1303,7,13
1304,7,13
1305,7,13
1306,7,12
1307,7,12
1308,7,12
1309,7,11
1310,7,10
1311,7,10
1312,7,10
1313,7,9
1314,7,9
1315,7,9
1316,6,9
1317,6,9
1318,6,9
1319,6,9
1320,7,9
1321,7,9
1322,8,9
1323,7,8
1324,7,8
1325,7,8
1326,8,8
1327,8,8
1328,8,8
1329,8,8
1330,8,7
1331,8,8
1332,8,8
1333,8,8
1334,8,7
1335,8,7
1336,8,7
1337,7,7
1338,8,7
1339,7,7
1340,7,7
1341,7,8
1342,7,9
1343,7,9
1344,7,10
1345,7,10
1346,7,10
1347,7,10
1348,7,11
1349,7,11
1350,7,11
1351,7,12
1352,7,12
1353,7,12
1354,7,13
1355,7,13
1356,7,13
1357,7,13
1358,7,13
1359,7,13
1360,7,13
1361,7,13
1362,7,13
1363,7,13
1364,7,13
1365,8,12
1366,8,12
1367,8,12
1368,7,12
1369,7,12
1370,7,13
1371,7,13
1372,7,13
1373,7,13
1374,7,14
1375,7,14
1376,7,14
1377,7,14
1378,7,14
1379,7,14
1380,7,15
1381,7,15
1382,7,16
1383,8,16
1384,8,17
1385,8,17
1386,7,18
1387,7,18
1388,6,19
1389,5,19
1390,5,18
1391,4,18
1392,4,18
1393,4,18
1394,4,18
1395,4,17
1396,4,17
1397,4,17
1398,4,17
1399,4,17
1400,4,17
1401,4,17
1402,4,17
1403,4,17
1404,4,17
1405,4,17
1406,4,17
1407,4,15
1408,4,15
1409,4,15
1410,4,15
1411,4,15
1412,4,16
1413,4,15
1414,4,15
1415,4,15
1416,4,14
1417,4,14
1418,4,14
1419,4,14
1420,4,15
1421,4,16
1422,4,16
1423,4,16
1424,4,16
1425,4,15
1426,4,15
1427,4,15
1428,5,15
1429,5,15
1430,5,15
1431,5,15
1432,5,15
1433,5,17
1434,5,17
1435,5,17
1436,5,17
1437,5,17
1438,5,17
1439,6,17
1440,6,17
1441,6,17
1442,6,17
1443,6,17
1444,6,17
1445,5,17
1446,5,17
1447,5,17
1448,5,17
1449,5,17
1450,5,18
1451,4,18
1452,4,18
1453,4,18
1454,4,18
1455,4,18
1456,4,18
1457,4,18
1458,4,18
1459,4,17
1460,5,17
1461,5,17
1462,5,17
1463,5,18
1464,5,19
1465,5,19
1466,5,19
1467,5,19
1468,5,19
1469,5,19
1470,5,18
1471,4,18
1472,4,18
1473,4,17
1474,5,17
1475,5,17
1476,5,18
1477,5,17
1478,5,16
1479,5,16
1480,5,16
1481,5,16
1482,5,16
1483,5,17
1484,5,17
1485,5,17
1486,5,17
1487,5,17
1488,5,17
1489,5,16
1490,5,16
1491,5,14
1492,5,14
1493,5,14
1494,5,14
1495,5,14
1496,5,14
1497,5,16
1498,5,16
1499,5,15
1500,5,16
1501,5,15
1502,5,15
1503,5,16
1504,5,16
1505,5,16
1506,5,16
1507,5,16
1508,5,16
1509,4,16
1510,4,17
1511,4,17
1512,4,18
1513,4,19
1514,4,19
1515,4,19
1516,4,19
1517,4,20
1518,4,20
1519,4,20
1520,4,20
1521,4,20
1522,4,20
1523,4,21
1524,4,21
1525,4,20
1526,5,20
1527,5,21
1528,5,20
1529,6,20
1530,6,21
1531,6,20
1532,6,18
1533,3,19
1534,3,19
1535,3,18
1536,3,17
1537,3,17
1538,3,17
1539,3,17
1540,3,18
1541,2,18
1542,2,18
1543,2,18
1544,2,18
1545,2,18
1546,2,17
1547,2,16
1548,2,16
1549,2,16
1550,2,16
1551,2,16
1552,3,17
1553,3,17
1554,3,17
1555,2,16
1556,2,16
1557,2,15
1558,3,15
1559,3,16
1560,3,16
1561,3,16
1562,3,16
1563,3,16
1564,3,16
1565,3,17
1566,3,17
1567,3,17
1568,3,17
1569,3,17
1570,3,18
1571,3,17
1572,3,17
1573,3,17
1574,3,17
1575,3,17
1576,3,17
1577,3,17
1578,3,17
1579,3,16
1580,3,16
1581,3,16
1582,3,16
1583,4,16
1584,5,16
1585,5,15
1586,5,15
1587,5,15
1588,5,15
1589,5,15
1590,5,15
1591,5,15
1592,5,15
1593,4,15
1594,4,15
1595,5,15
1596,5,15
1597,5,15
1598,5,15
1599,5,15
1600,5,15
1601,5,15
1602,5,16
1603,5,16
1604,5,16
1605,5,16
1606,5,16
1607,5,16
1608,5,15
1609,5,15
1610,5,15
1611,6,15
1612,6,16
1613,6,16
1614,6,16
1615,6,16
1616,5,16
1617,5,16
1618,5,16
1619,5,16
1620,5,16
1621,5,16
1622,4,17
1623,4,17
1624,4,16
1625,4,16
1626,4,16
1627,4,16
1628,4,16
1629,4,16
1630,4,16
1631,4,14
1632,4,14
1633,4,14
1634,4,15
1635,4,16
1636,4,16
1637,4,16
1638,4,16
1639,3,15
1640,3,15
1641,3,15
1642,3,14
1643,4,14
1644,4,15
1645,4,15
1646,4,15
1647,4,15
1648,4,15
1649,4,15
1650,4,15
1651,5,15
1652,6,15
1653,6,14
1654,6,15
1655,6,15
1656,6,14
1657,5,14
1658,4,14
1659,4,14
1660,5,14
1661,4,15
1662,5,15
1663,5,17
1664,5,17
1665,5,16
1666,5,16
1667,5,16
1668,5,15
1669,5,15
1670,5,15
1671,5,15
1672,5,15
1673,6,16
1674,6,16
1675,6,16
1676,6,16
1677,6,16
1678,7,16
1679,7,16
1680,7,17
1681,7,17
1682,7,17
1683,6,17
1684,6,17
1685,6,17
1686,6,17
1687,6,17
1688,6,17
1689,6,17
1690,6,17
1691,6,17
1692,6,18
1693,6,18
1694,6,17
1695,6,17
1696,6,18
1697,6,18
1698,6,18
1699,6,18
1700,6,18
1701,6,18
1702,6,18
1703,6,18
1704,6,18
1705,6,17
1706,6,17
1707,6,17
1708,6,17
1709,6,17
1710,6,16
1711,6,16
1712,7,16
1713,7,17
1714,7,17
1715,8,16
1716,8,16
1717,8,16
1718,8,16
1719,8,16
1720,8,14
1721,8,14
1722,8,14
1723,7,14
1724,7,13
1725,7,13
1726,7,13
1727,7,13
1728,7,13
1729,7,13
1730,7,13
1731,7,13
1732,7,13
1733,7,13
1734,7,13
1735,7,13
1736,7,12
1737,7,13
1738,7,13
1739,7,13
1740,7,12
1741,6,12
1742,6,11
1743,6,10
1744,6,9
1745,5,9
1746,5,10
1747,5,10
1748,4,10
1749,4,9
1750,4,8
1751,4,8
1752,4,9
1753,4,9
1754,4,10
1755,4,10
1756,3,10
1757,3,9
1758,4,9
1759,4,9
1760,4,9
1761,4,9
1762,4,9
1763,4,9
1764,4,8
1765,4,8
1766,4,8
1767,3,8
1768,3,8
1769,3,8
1770,3,8
1771,3,8
1772,3,9
1773,3,9
1774,3,9
1775,3,10
1776,3,10
1777,3,10
1778,3,10
1779,3,10
1780,3,11
1781,3,11
1782,3,10
1783,3,11
1784,3,11
1785,4,10
1786,4,10
1787,4,10
1788,4,10
1789,4,10
1790,4,10
1791,4,10
1792,4,8
1793,4,8
1794,4,8
1795,4,8
1796,4,9
1797,4,9
1798,4,9
1799,4,9
1800,4,9
1801,4,13
1802,4,13
1803,4,13
1804,4,13
1805,5,13
1806,5,13
1807,5,13
1808,4,13
1809,4,13
1810,4,13
1811,4,13
1812,4,14
1813,4,14
1814,4,13
1815,4,12
1816,4,12
1817,5,12
1818,5,12
1819,5,12
1820,5,12
1821,5,12
1822,5,11
1823,5,11
1824,5,11
1825,4,11
1826,4,11
1827,4,10
1828,4,9
1829,4,9
1830,5,9
1831,5,9
1832,5,9
1833,4,9
1834,4,9
1835,4,10
1836,4,10
1837,4,10
1838,4,10
1839,4,10
1840,4,10
1841,4,10
1842,4,10
1843,3,9
1844,3,9
1845,3,9
1846,3,11
1847,3,11
1848,2,11
1849,2,11
1850,2,11
1851,2,11
1852,2,11
1853,3,10
1854,3,10
1855,3,11
1856,4,11
1857,4,11
1858,4,11
1859,4,11
1860,4,11
1861,4,10
1862,4,10
1863,4,11
1864,4,12
1865,4,12
1866,4,12
1867,4,12
1868,4,11
1869,4,11
1870,4,11
1871,5,12
1872,5,11
1873,4,11
1874,4,11
1875,4,11
1876,4,10
1877,4,10
1878,4,10
1879,4,10
1880,4,10
1881,4,11
1882,4,11
1883,4,11
1884,5,10
1885,5,10
1886,6,10
1887,6,10
1888,6,9
1889,6,9
1890,6,9
1891,6,8
1892,6,8
1893,6,8
1894,7,7
1895,7,7
1896,7,8
1897,7,8
1898,8,8
1899,8,8
1900,8,8
1901,8,9
1902,9,9
1903,9,9
1904,9,9
1905,9,9
1906,9,9
1907,10,8
1908,10,8
1909,9,8
1910,9,9
1911,9,9
1912,9,9
1913,9,10
1914,9,10
1915,9,10
1916,9,9
1917,8,9
1918,9,9
1919,9,9
1920,9,9
1921,9,12
1922,9,12
1923,10,12
1924,10,12
1925,10,13
1926,9,13
1927,9,12
1928,10,12
1929,10,12
1930,10,12
1931,9,12
1932,8,12
1933,8,12
1934,8,12
1935,8,12
1936,8,12
1937,8,12
1938,8,12
1939,8,12
1940,8,12
1941,8,13
1942,8,12
1943,8,12
1944,8,12
1945,8,12
1946,8,12
1947,8,12
1948,8,12
1949,8,12
1950,9,12
1951,9,12
1952,9,12
1953,9,12
1954,8,12
1955,8,12
1956,8,12
1957,8,12
1958,8,10
1959,7,9
1960,7,8
1961,7,8
1962,7,8
1963,7,8
1964,7,8
1965,7,8
1966,7,8
1967,7,8
1968,7,8
1969,6,8
1970,6,8
1971,6,8
1972,6,8
1973,6,8
1974,6,7
1975,6,12
1976,6,12
1977,6,12
1978,6,12
1979,6,11
1980,6,10
1981,6,9
1982,6,9
1983,6,9
1984,6,9
1985,6,8
1986,6,9
1987,6,9
1988,6,9
1989,6,9
1990,6,9
1991,6,9
1992,5,9
1993,5,9
1994,5,9
1995,5,8
1996,5,8
1997,5,8
1998,5,8
1999,4,9
2000,4,9
2001,4,9
2002,4,10
2003,4,10
2004,4,11
2005,4,11
2006,5,10
2007,5,10
2008,5,10
2009,5,10
2010,5,10
2011,5,11
2012,4,11
2013,4,10
2014,4,10
2015,4,10
2016,4,9
2017,4,9
2018,4,8
2019,4,7
2020,4,7
2021,4,8
2022,4,8
2023,4,8
2024,4,8
2025,5,8
2026,5,8
2027,4,8
2028,4,8
2029,4,8
2030,3,7
2031,3,6
2032,3,6
2033,2,5
2034,2,5
2035,2,5
2036,2,5
2037,2,5
2038,2,5
2039,2,5
2040,2,5
2041,2,5
2042,2,4
2043,2,4
2044,2,4
2045,3,4
2046,3,5
2047,3,5
2048,3,4
2049,4,4
2050,4,4
2051,4,4
2052,4,4
2053,4,5
2054,4,5
2055,3,5
2056,3,5
2057,3,5
2058,3,5
2059,3,5
2060,3,5
2061,3,5
2062,2,5
2063,2,5
2064,2,6
2065,2,6
2066,3,6
2067,3,6
2068,3,7
2069,3,7
2070,3,7
2071,4,7
2072,4,7
2073,4,7
2074,4,7
2075,4,7
2076,4,7
2077,3,7
2078,3,7
2079,3,7
2080,3,7
2081,3,8
2082,3,7
2083,3,7
2084,3,7
2085,3,7
2086,3,7
2087,3,7
2088,3,7
2089,3,7
2090,3,7
2091,3,7
2092,3,7
2093,3,7
2094,2,7
2095,2,8
2096,2,8
2097,2,8
2098,2,8
2099,2,8
2100,2,9
2101,2,9
2102,3,9
2103,3,9
2104,3,9
2105,3,9
2106,3,9
2107,3,9
2108,3,8
2109,3,8
2110,3,8
2111,3,7
2112,3,8
2113,3,7
2114,3,7
2115,3,7
2116,3,7
2117,3,7
2118,3,7
2119,3,7
2120,3,7
2121,3,7
2122,3,7
2123,3,6
2124,3,6
2125,3,6
2126,3,7
2127,3,7
2128,3,7
2129,3,7
2130,3,7
2131,3,8
2132,3,7
2133,4,8
2134,4,8
2135,4,8
2136,4,8
2137,4,8
2138,4,8
2139,4,9
2140,4,9
2141,4,9
2142,4,9
2143,4,10
2144,4,10
2145,4,10
2146,4,9
2147,4,9
2148,4,10
2149,4,11
2150,4,11
2151,4,11
2152,4,12
2153,4,11
2154,4,11
2155,4,11
2156,4,11
2157,4,11
2158,4,11
2159,4,11
2160,5,11
2161,5,11
2162,6,11
2163,6,11
2164,6,11
2165,6,12
2166,6,12
2167,6,12
2168,6,12
2169,6,12
2170,6,13
2171,6,13
2172,6,13
2173,6,14
2174,6,14
2175,6,15
2176,6,15
2177,6,15
2178,6,14
2179,6,13
2180,6,13
2181,6,12
2182,6,12
2183,6,13
2184,7,12
2185,7,12
2186,7,13
2187,7,14
2188,7,15
2189,7,15
2190,7,14
2191,7,14
2192,7,13
2193,6,13
2194,6,13
2195,6,13
2196,6,13
2197,6,13
2198,6,12
2199,6,13
2200,6,14
2201,6,13
2202,6,13
2203,5,12
2204,5,12
2205,5,12
2206,4,12
2207,3,12
2208,3,12
2209,3,12
2210,3,12
2211,3,12
2212,3,13
2213,3,13
2214,3,13
2215,3,13
2216,3,13
2217,3,13
2218,3,13
2219,3,13
2220,3,13
2221,3,13
2222,3,13
2223,4,14
2224,5,14
2225,4,14
2226,4,14
2227,4,14
2228,4,14
2229,4,14
2230,4,14
2231,3,13
2232,3,13
2233,3,13
2234,3,13
2235,3,13
2236,3,14
2237,3,15
2238,3,15
2239,3,15
2240,3,15
2241,3,15
2242,3,14
2243,3,14
2244,3,14
2245,3,14
2246,3,14
2247,3,14
2248,3,14
2249,3,14
2250,3,14
2251,3,14
2252,3,14
2253,3,14
2254,4,14
2255,4,14
2256,4,13
2257,4,13
2258,4,13
2259,4,13
2260,4,12
2261,4,13
2262,4,13
2263,4,13
2264,4,13
2265,4,13
2266,4,13
2267,4,13
2268,4,13
2269,5,13
2270,5,13
2271,5,14
2272,5,14
2273,5,15
2274,5,15
2275,5,15
2276,5,15
2277,5,15
2278,5,15
2279,5,15
2280,5,15
2281,5,16
2282,5,16
2283,5,16
2284,5,16
2285,5,16
2286,5,16
2287,5,16
2288,4,16
2289,4,14
2290,4,15
2291,4,15
2292,4,14
2293,3,15
2294,3,15
2295,3,15
2296,3,15
2297,3,15
2298,3,15
2299,3,16
2300,3,17
2301,4,16
2302,4,16
2303,4,16
2304,3,15
2305,3,15
2306,3,14
2307,3,14
2308,3,15
2309,3,14
2310,3,14
2311,3,14
2312,3,13
2313,3,13
2314,4,13
2315,4,13
2316,4,14
2317,3,14
2318,3,14
2319,3,14
2320,2,14
2321,2,14
2322,2,14
2323,2,14
2324,2,13
2325,2,13
2326,2,13
2327,2,13
2328,2,13
2329,2,13
2330,2,13
2331,2,13
2332,2,13
2333,2,13
2334,2,13
2335,2,13
2336,2,13
2337,2,13
2338,2,13
2339,2,13
2340,2,13
2341,2,13
2342,2,13
2343,2,13
2344,2,13
2345,2,13
2346,2,14
2347,2,14
2348,3,14
2349,3,14
2350,3,13
2351,4,13
2352,4,13
2353,4,13
2354,4,13
2355,4,13
2356,4,10
2357,4,10
2358,4,10
2359,4,9
2360,4,9
2361,4,9
2362,4,9
2363,4,9
2364,4,9
2365,4,8
2366,4,8
2367,4,8
2368,4,8
2369,4,8
2370,4,8
2371,4,8
2372,4,8
2373,4,8
2374,4,8
2375,4,8
2376,4,8
2377,4,8
2378,4,9
2379,4,9
2380,4,9
2381,4,9
2382,4,8
2383,4,8
2384,4,8
2385,4,8
2386,4,8
2387,4,8
2388,4,8
2389,4,9
2390,4,7
2391,4,7
2392,4,7
2393,4,7
2394,4,8
2395,4,8
2396,5,8
2397,5,8
2398,5,8
2399,5,9
2400,5,9
2401,5,9
2402,5,9
2403,5,8
2404,5,8
2405,5,8
2406,5,7
2407,6,7
2408,6,7
2409,6,6
2410,6,6
2411,6,7
2412,6,7
2413,6,8
2414,6,8
2415,5,8
2416,5,8
2417,5,9
2418,5,9
2419,5,9
2420,5,9
2421,5,9
2422,5,9
2423,5,9
2424,4,9
2425,4,9
2426,4,9
2427,4,9
2428,4,9
2429,4,9
2430,5,8
2431,5,8
2432,6,8
2433,7,8
2434,7,8
2435,8,8
2436,8,8
2437,7,7
2438,7,6
2439,7,6
2440,6,7
2441,6,7
2442,6,7
2443,6,8
2444,6,8
2445,6,8
2446,6,8
2447,6,8
2448,6,7
2449,6,7
2450,6,7
2451,6,8
2452,6,8
2453,6,8
2454,6,7
2455,6,7
2456,6,7
2457,6,7
2458,6,7
2459,6,6
2460,6,7
2461,6,6
2462,6,5
2463,7,5
2464,7,5
2465,7,5
2466,7,4
2467,7,4
2468,7,4
2469,6,4
2470,6,4
2471,6,4
2472,6,4
2473,6,4
2474,6,4
2475,6,4
2476,6,5
2477,6,5
2478,6,5
2479,6,5
2480,6,5
2481,6,6
2482,6,7
2483,6,7
2484,6,6
2485,6,6
2486,6,7
2487,6,7
2488,6,7
2489,6,7
2490,6,7
2491,6,8
2492,7,8
2493,7,8
2494,7,8
2495,7,8
2496,7,8
2497,6,8
2498,7,8
2499,7,8
2500,7,8
2501,7,8
2502,7,8
2503,7,8
2504,7,8
2505,7,8
2506,7,7
2507,7,8
2508,7,10
2509,6,10
2510,6,10
2511,6,10
2512,6,9
2513,6,9
2514,6,9
2515,6,10
2516,5,10
2517,5,10
2518,5,10
2519,5,10
2520,5,10
2521,5,10
2522,5,10
2523,5,11
2524,5,12
2525,5,12
2526,6,12
2527,6,12
2528,6,13
2529,7,13
2530,7,13
2531,7,13
2532,8,13
2533,8,13
2534,8,13
2535,8,13
2536,9,13
2537,9,13
2538,9,13
2539,9,13
2540,9,14
2541,9,14
2542,9,14
2543,9,14
2544,9,14
2545,9,13
2546,9,13
2547,9,13
2548,9,13
2549,9,13
2550,9,14
2551,9,14
2552,9,14
2553,9,19
2554,10,19
2555,10,19
2556,10,19
2557,10,19
2558,9,19
2559,9,20
2560,8,20
2561,8,21
2562,8,22
2563,7,22
2564,7,22
2565,7,21
2566,7,23
2567,7,23
2568,7,23
2569,7,23
2570,8,23
2571,8,23
2572,8,23
2573,8,22
2574,8,21
2575,8,21
2576,8,20
2577,8,20
2578,8,20
2579,8,22
2580,8,23
2581,8,23
2582,8,22
2583,9,22
2584,9,21
2585,9,21
2586,9,21
2587,9,21
2588,9,21
2589,9,21
2590,9,22
2591,9,22
2592,9,21
2593,10,19
2594,10,19
2595,10,19
2596,10,20
2597,11,20
2598,11,20
2599,11,20
2600,11,20
2601,11,21
2602,10,21
2603,10,21
2604,9,21
2605,9,21
2606,8,21
2607,8,21
2608,7,21
2609,7,21
2610,7,21
2611,7,21
2612,7,21
2613,7,21
2614,7,21
2615,7,21
2616,7,20
2617,7,20
2618,7,20
2619,7,22
2620,7,20
2621,7,20
2622,7,20
2623,7,18
2624,8,18
2625,8,18
2626,8,18
2627,8,18
2628,8,17
2629,8,17
2630,7,18
2631,7,18
2632,7,19
2633,7,19
2634,7,19
2635,8,19
2636,8,19
2637,8,18
2638,8,18
2639,8,19
2640,8,19
2641,8,19
2642,8,20
2643,8,20
2644,8,20
2645,8,20
2646,8,19
2647,9,17
2648,9,17
2649,9,17
2650,9,17
2651,9,17
2652,9,16
2653,9,16
2654,8,16
2655,8,16
2656,7,15
2657,7,15
2658,6,15
2659,6,15
2660,6,15
2661,6,14
2662,7,14
2663,7,14
2664,7,14
2665,7,14
2666,7,14
2667,7,14
2668,7,14
2669,7,15
2670,7,14
2671,7,14
2672,7,14
2673,7,14
2674,7,14
2675,7,14
2676,7,14
2677,7,14
2678,7,14
2679,7,14
2680,7,14
2681,7,14
2682,8,14
2683,8,14
2684,8,14
2685,8,14
2686,8,14
2687,8,14
2688,8,14
2689,8,14
2690,8,14
2691,8,15
2692,8,15
2693,7,16
2694,7,16
2695,6,17
2696,6,17
2697,6,17
2698,6,17
2699,6,17
2700,7,17
2701,7,17
2702,7,17
2703,7,16
2704,7,16
2705,7,16
2706,7,16
2707,7,16
2708,7,16
2709,7,16
2710,7,16
2711,8,16
2712,9,16
2713,9,16
2714,9,16
2715,9,16
2716,9,16
2717,9,16
2718,8,16
2719,8,16
2720,9,16
2721,9,15
2722,9,16
2723,10,16
2724,10,16
2725,11,15
2726,11,15
2727,12,15
2728,12,15
2729,12,15
2730,13,15
2731,14,16
2732,14,14
2733,14,13
2734,14,13
2735,15,12
2736,15,11
2737,15,11
2738,16,12
2739,15,12
2740,15,12
2741,15,12
2742,15,12
2743,15,12
2744,15,12
2745,14,12
2746,13,13
2747,13,13
2748,13,13
2749,12,13
2750,12,14
2751,12,14
2752,12,14
2753,12,14
2754,12,14
2755,12,14
2756,11,14
2757,11,14
2758,11,14
2759,11,14
2760,11,14
2761,11,14
2762,11,13
2763,11,13
2764,11,12
2765,11,12
2766,13,12
2767,13,12
2768,14,12
2769,14,12
2770,14,11
2771,14,11
2772,14,10
2773,14,10
2774,14,10
2775,13,10
2776,13,10
2777,13,10
2778,13,10
2779,13,10
2780,13,10
2781,12,10
2782,12,9
2783,12,9
2784,12,9
2785,13,10
2786,12,10
2787,12,10
2788,12,10
2789,12,10
2790,12,9
2791,11,8
2792,11,8
2793,11,8
2794,11,7
2795,11,6
2796,11,5
2797,11,5
2798,11,5
2799,10,5
2800,10,5
2801,10,6
2802,10,6
2803,10,6
2804,10,6
2805,10,5
2806,9,5
2807,9,5
2808,9,5
2809,9,5
2810,9,6
2811,9,6
2812,9,6
2813,9,6
2814,9,6
2815,9,7
2816,9,7
2817,9,7
2818,9,7
2819,9,7
2820,9,8
2821,9,8
2822,9,7
2823,9,7
2824,8,6
2825,7,6
2826,7,7
2827,8,7
2828,8,7
2829,8,7
2830,8,7
2831,8,7
2832,8,7
2833,8,7
2834,8,7
2835,8,6
2836,8,6
2837,8,6
2838,8,6
2839,8,6
2840,8,6
2841,8,6
2842,8,6
2843,9,6
2844,9,6
2845,10,6
2846,10,6
2847,10,6
2848,10,6
2849,9,6
2850,9,6
2851,9,6
2852,9,6
2853,9,6
2854,9,5
2855,8,5
2856,8,5
2857,8,5
2858,8,6
2859,8,7
2860,8,7
2861,8,7
2862,9,7
2863,8,7
2864,8,7
2865,8,7
2866,8,7
2867,7,7
2868,7,7
2869,7,6
2870,7,6
2871,7,6
2872,7,6
2873,7,6
2874,6,6
2875,6,6
2876,6,6
2877,6,5
2878,7,5
2879,7,5
2880,8,5
2881,8,7
2882,8,7
2883,8,7
2884,8,7
2885,8,7
2886,8,7
2887,8,7
2888,8,7
2889,8,7
2890,8,7
2891,8,6
2892,8,5
2893,8,5
2894,8,5
2895,8,5
2896,8,6
2897,9,6
2898,9,6
2899,9,6
2900,9,6
2901,9,6
2902,9,6
2903,9,6
2904,9,6
2905,8,6
2906,7,6
2907,7,7
2908,7,6
2909,8,6
2910,7,6
2911,7,6
2912,8,6
2913,8,5
2914,8,5
2915,8,5
2916,8,5
2917,8,5
2918,7,5
2919,7,5
2920,7,5
2921,7,5
2922,8,5
2923,8,5
2924,8,5
2925,8,5
2926,8,5
2927,7,6
2928,7,6
2929,7,6
2930,7,7
2931,7,8
2932,7,8
2933,7,8
2934,7,8
2935,7,9
2936,7,9
2937,8,9
2938,8,8
2939,8,8
2940,9,8
2941,9,8
2942,9,8
2943,9,8
2944,9,8
2945,10,8
2946,11,8
2947,10,8
2948,9,9
2949,10,10
2950,10,11
2951,10,11
2952,11,11
2953,12,11
2954,12,11
2955,12,11
2956,12,12
2957,13,12
2958,13,13
2959,13,14
2960,13,14
2961,13,15
2962,13,15
2963,13,15
2964,13,14
2965,13,13
2966,13,14
2967,13,13
2968,13,14
2969,14,14
2970,13,14
2971,13,14
2972,13,14
2973,13,14
2974,12,14
2975,12,14
2976,12,14
2977,12,14
2978,12,14
2979,12,14
2980,11,14
2981,11,13
2982,12,13
2983,12,13
2984,12,13
2985,12,14
2986,12,14
2987,12,13
2988,11,13
2989,11,13
2990,11,13
2991,10,13
2992,10,13
2993,10,13
2994,10,13
2995,10,13
2996,10,14
2997,10,14
2998,10,14
2999,10,14
3000,10,13
3001,10,13
3002,10,13
3003,10,11
3004,9,11
3005,9,11
3006,9,11
3007,9,11
3008,9,11
3009,9,11
3010,8,11
3011,8,11
3012,8,11
3013,8,11
3014,8,11
3015,8,11
3016,8,12
3017,8,12
3018,9,12
3019,9,12
3020,9,10
3021,10,10
3022,10,9
3023,10,8
3024,10,8
3025,11,8
3026,10,8
3027,10,8
3028,10,9
3029,10,9
3030,10,9
3031,10,9
3032,10,9
3033,10,10
3034,10,10
3035,10,10
3036,10,9
3037,10,9
3038,10,9
3039,9,9
3040,9,9
3041,9,9
3042,10,8
3043,10,8
3044,10,9
3045,10,9
3046,10,9
3047,10,8
3048,10,9
3049,10,8
3050,10,8
3051,9,8
3052,9,8
3053,9,8
3054,9,8
3055,9,7
3056,9,7
3057,8,7
3058,8,7
3059,8,7
3060,8,7
3061,8,7
3062,8,7
3063,7,7
3064,7,7
3065,7,7
3066,7,7
3067,7,8
3068,7,8
3069,7,7
3070,7,7
3071,7,8
3072,7,8
3073,7,8
3074,7,7
3075,7,7
3076,6,7
3077,6,7
3078,6,7
3079,6,7
3080,6,7
3081,6,7
3082,6,7
3083,5,7
3084,5,7
3085,5,7
3086,5,7
3087,5,7
3088,5,9
3089,5,8
3090,5,9
3091,5,9
3092,5,9
3093,5,9
3094,5,9
3095,5,8
3096,5,8
3097,5,8
3098,5,8
3099,5,8
3100,4,8
3101,4,7
3102,4,7
3103,4,7
3104,4,7
3105,4,8
3106,4,8
3107,4,8
3108,4,8
3109,4,8
3110,4,8
3111,4,8
3112,4,9
3113,4,10
3114,4,10
3115,4,10
3116,4,10
3117,4,9
3118,4,10
3119,4,10
3120,4,10
3121,5,10
3122,5,11
3123,4,11
3124,4,11
3125,4,11
3126,4,11
3127,4,11
3128,4,11
3129,5,11
3130,5,11
3131,5,11
3132,5,12
3133,6,11
3134,6,11
3135,6,11
3136,6,10
3137,6,10
3138,6,10
3139,7,10
3140,6,11
3141,6,12
3142,6,12
3143,6,12
3144,6,12
3145,6,11
3146,6,10
3147,6,10
3148,6,10
3149,6,10
3150,6,10
3151,6,10
3152,6,10
3153,6,10
3154,6,10
3155,6,9
3156,6,10
3157,6,10
3158,6,11
3159,6,11
3160,7,11
3161,7,11
3162,6,12
3163,6,13
3164,6,13
3165,6,13
3166,6,14
3167,7,14
3168,7,14
3169,7,13
3170,7,13
3171,7,13
3172,7,13
3173,7,13
3174,7,13
3175,7,13
3176,7,13
3177,7,13
3178,7,13
3179,7,13
3180,7,13
3181,8,13
3182,8,13
3183,8,13
3184,8,13
3185,8,13
3186,8,13
3187,8,13
3188,8,13
3189,9,13
3190,9,14
3191,9,14
3192,8,14
3193,8,14
3194,9,14
3195,9,12
3196,9,11
3197,9,11
3198,9,12
3199,9,12
3200,9,12
3201,9,12
3202,8,12
3203,8,12
3204,8,12
3205,8,11
3206,7,10
3207,7,10
3208,7,10
3209,7,11
3210,7,12
3211,7,12
3212,7,12
3213,7,12
3214,7,12
3215,7,12
3216,8,12
3217,8,12
3218,8,12
3219,8,13
3220,8,13
3221,8,13
3222,8,13
3223,8,12
3224,8,12
3225,9,12
3226,9,12
3227,9,12
3228,9,13
3229,9,13
3230,9,11
3231,9,11
3232,10,11
3233,10,11
3234,10,11
3235,10,11
3236,10,11
3237,9,11
3238,10,11
3239,9,11
3240,9,10
3241,9,10
3242,9,10
3243,9,9
3244,9,9
3245,9,9
3246,9,8
3247,9,8
3248,9,8
3249,9,8
3250,9,7
3251,10,7
3252,10,7
3253,10,7
3254,9,7
3255,10,7
3256,11,7
3257,11,7
3258,10,7
3259,9,7
3260,8,7
3261,8,7
3262,8,7
3263,8,7
3264,8,6
3265,8,5
3266,8,5
3267,8,5
3268,8,5
3269,8,16
3270,8,16
3271,7,16
3272,6,16
3273,6,16
3274,6,16
3275,6,16
3276,5,16
3277,5,16
3278,5,16
3279,5,16
3280,5,16
3281,4,14
3282,4,15
3283,4,14
3284,4,14
3285,4,14
3286,4,15
3287,4,13
3288,4,12
3289,5,12
3290,5,13
3291,5,14
3292,5,14
3293,5,14
3294,5,14
3295,5,14
3296,4,14
3297,4,14
3298,4,14
3299,4,16
3300,4,15
3301,4,15
3302,4,15
3303,4,15
3304,4,14
3305,4,15
3306,5,16
3307,5,16
3308,5,16
3309,5,15
3310,5,15
3311,5,15
3312,5,15
3313,5,14
3314,6,14
3315,6,14
3316,7,14
3317,7,13
3318,7,13
3319,7,14
3320,7,14
3321,7,14
3322,7,15
3323,7,15
3324,7,15
3325,7,15
3326,7,16
3327,7,16
3328,6,15
3329,6,15
3330,6,16
3331,6,15
3332,5,15
3333,5,15
3334,5,15
3335,5,15
3336,5,15
3337,5,14
3338,5,14
3339,5,13
3340,5,13
3341,5,13
3342,5,13
3343,4,13
3344,4,13
3345,4,13
3346,5,12
3347,5,12
3348,5,12
3349,5,12
3350,5,12
3351,6,12
3352,6,13
3353,6,13
3354,6,14
3355,6,13
3356,6,13
3357,6,13
3358,6,13
3359,6,13
3360,6,13
3361,6,14
3362,6,13
3363,6,13
3364,6,12
3365,6,12
3366,5,12
3367,5,12
3368,5,12
3369,6,11
3370,6,12
3371,6,12
3372,6,12
3373,6,11
3374,6,12
3375,6,12
3376,6,11
3377,6,11
3378,6,11
3379,5,11
3380,5,11
3381,5,12
3382,5,12
3383,5,12
3384,5,13
3385,6,12
3386,5,12
3387,5,12
3388,5,12
3389,5,12
3390,5,12
3391,5,12
3392,6,12
3393,6,12
3394,7,13
3395,8,13
3396,8,13
3397,8,13
3398,8,13
3399,8,14
3400,9,14
3401,9,14
3402,9,14
3403,8,14
3404,8,15
3405,8,16
3406,8,16
3407,8,16
3408,8,16
3409,8,17
3410,8,17
3411,8,17
3412,8,18
3413,8,18
3414,8,18
3415,8,18
3416,8,18
3417,8,18
3418,8,18
3419,8,18
3420,7,18
3421,7,18
3422,7,18
3423,7,18
3424,7,18
3425,7,18
3426,7,17
3427,7,17
3428,7,17
3429,7,16
3430,7,16
3431,7,16
3432,7,16
3433,7,16
3434,7,16
3435,7,15
3436,7,15
3437,7,16
3438,7,17
3439,7,18
3440,7,18
3441,8,18
3442,8,18
3443,8,18
3444,8,18
3445,8,18
3446,8,17
3447,8,17
3448,8,17
3449,7,17
3450,7,16
3451,8,16
3452,7,17
3453,7,12
3454,7,12
3455,7,12
3456,7,12
3457,6,12
3458,6,12
3459,6,13
3460,6,13
3461,6,13
3462,6,12
3463,6,11
3464,6,11
3465,6,11
3466,6,11
3467,6,11
3468,7,12
3469,7,11
3470,7,10
3471,8,10
3472,8,10
3473,8,10
3474,8,10
3475,8,10
3476,9,10
3477,10,10
3478,10,10
3479,10,11
3480,10,12
3481,10,12
3482,10,12
3483,11,12
3484,12,12
3485,12,12
3486,12,12
3487,12,12
3488,12,12
3489,13,12
3490,13,11
3491,13,11
3492,12,11
3493,12,11
3494,12,11
3495,12,11
3496,12,11
3497,12,11
3498,12,11
3499,11,11
3500,11,12
3501,11,12
3502,11,12
3503,11,12
3504,11,13
3505,12,13
3506,12,13
3507,12,13
3508,12,13
3509,12,14
3510,12,14
3511,13,14
3512,12,14
3513,12,14
3514,12,14
3515,12,14
3516,12,14
3517,11,14
3518,11,14
3519,11,14
3520,11,14
3521,11,15
3522,11,15
3523,11,15
3524,12,15
3525,13,15
3526,13,15
3527,13,15
3528,15,15
3529,15,15
3530,14,15
3531,14,15
3532,14,14
3533,14,14
3534,15,14
3535,14,14
3536,14,14
3537,14,15
3538,14,15
3539,15,15
3540,15,15
3541,16,15
3542,16,15
3543,16,15
3544,16,15
3545,16,15
3546,17,15
3547,17,15
3548,16,15
3549,16,15
3550,16,15
3551,16,15
3552,16,15
3553,16,15
3554,15,14
3555,15,14
3556,14,14
3557,14,14
3558,14,14
3559,14,14
3560,14,15
3561,14,15
3562,14,15
3563,13,15
3564,12,16
3565,12,16
3566,12,17
3567,12,16
3568,12,16
3569,12,14
3570,12,14
3571,11,14
3572,11,14
3573,11,14
3574,11,15
3575,11,15
3576,11,15
3577,11,15
3578,10,15
3579,9,14
3580,9,14
3581,9,15
3582,9,15
3583,8,15
3584,8,14
3585,8,14
3586,8,14
3587,8,14
3588,8,14
3589,8,14
3590,8,14
3591,8,15
3592,8,15
3593,8,15
3594,7,15
3595,7,16
3596,7,16
3597,7,16
3598,7,16
3599,7,16
3600,7,17
3601,7,18
3602,8,18
3603,7,17
3604,7,17
3605,7,17
3606,7,18
3607,7,18
3608,7,18
3609,7,18
3610,7,19
3611,7,19
3612,7,19
3613,7,20
3614,7,20
3615,7,20
3616,7,20
3617,7,20
3618,7,19
3619,7,17
3620,7,17
3621,7,17
3622,7,17
3623,7,16
3624,7,16
3625,7,16
3626,7,16
3627,7,16
3628,6,16
3629,6,16
3630,5,17
3631,5,17
3632,5,17
3633,5,16
3634,5,16
3635,5,16
3636,6,16
3637,7,16
3638,7,15
3639,7,15
3640,7,16
3641,7,15
3642,7,14
3643,7,13
3644,7,13
3645,7,13
3646,7,13
3647,7,13
3648,7,13
3649,7,13
3650,8,12
3651,8,11
3652,8,11
3653,8,11
3654,8,11
3655,8,11
3656,8,7
3657,8,7
3658,8,7
3659,8,7
3660,7,7
3661,7,7
3662,7,7
3663,8,8
3664,8,9
3665,8,9
3666,9,9
3667,9,9
3668,9,9
3669,9,9
3670,9,9
3671,8,10
3672,8,11
3673,8,12
3674,8,12
3675,8,12
3676,8,12
3677,8,12
3678,8,12
3679,8,11
3680,8,11
3681,8,11
3682,8,12
3683,8,11
3684,8,11
3685,8,12
3686,7,12
3687,7,12
3688,7,12
3689,7,13
3690,7,13
3691,7,14
3692,7,14
3693,7,14
3694,7,14
3695,7,14
3696,7,13
3697,7,13
3698,7,13
3699,7,13
3700,7,13
3701,7,12
3702,7,12
3703,6,11
3704,6,11
3705,5,12
3706,5,12
3707,5,12
3708,5,11
3709,6,11
3710,6,11
3711,6,11
3712,6,10
3713,7,10
3714,8,10
3715,8,10
3716,8,9
3717,8,9
3718,8,9
3719,8,9
3720,8,9
3721,8,9
3722,8,9
3723,8,9
3724,7,8
3725,7,9
3726,7,9
3727,6,10
3728,6,10
3729,6,11
3730,6,11
3731,6,11
3732,7,12
3733,7,13
3734,7,13
3735,7,13
3736,7,13
3737,7,13
3738,6,14
3739,6,14
3740,5,14
3741,5,15
3742,5,15
3743,5,15
3744,5,14
3745,5,13
3746,5,13
3747,5,13
3748,5,13
3749,4,13
3750,4,13
3751,4,13
3752,4,13
3753,4,12
3754,4,12
3755,5,11
3756,6,11
3757,6,11
3758,5,10
3759,5,10
3760,5,9
3761,5,9
3762,5,9
3763,5,8
3764,5,8
3765,6,8
3766,6,9
3767,5,8
3768,5,8
3769,5,8
3770,5,8
3771,5,7
3772,5,7
3773,5,8
3774,5,8
3775,5,8
3776,6,8
3777,6,9
3778,6,9
3779,6,9
3780,6,9
3781,6,9
3782,6,9
3783,6,9
3784,6,9
3785,6,10
3786,6,10
3787,6,10
3788,6,10
3789,6,10
3790,6,9
3791,6,8
3792,6,8
3793,6,8
3794,6,8
3795,6,8
3796,5,8
3797,5,8
3798,5,7
3799,5,7
3800,5,7
3801,5,7
3802,5,7
3803,5,7
3804,5,7
3805,5,7
3806,5,7
3807,5,7
3808,5,7
3809,5,7
3810,5,7
3811,5,8
3812,4,8
3813,4,8
3814,4,8
3815,4,8
3816,5,8
3817,5,8
3818,5,9
3819,5,9
3820,5,9
3821,5,9
3822,6,9
3823,6,9
3824,6,9
3825,6,10
3826,6,10
3827,6,9
3828,6,9
3829,6,9
3830,6,9
3831,6,9
3832,6,9
3833,5,9
3834,6,9
3835,6,9
3836,6,9
3837,6,9
3838,6,9
3839,6,9
3840,6,9
3841,6,9
3842,6,9
3843,6,9
3844,6,9
3845,6,9
3846,6,9
3847,5,10
3848,5,10
3849,5,10
3850,4,10
3851,4,10
3852,5,10
3853,5,10
3854,5,10
3855,6,10
3856,6,10
3857,6,8
3858,6,8
3859,6,8
3860,6,7
3861,6,7
3862,6,8
3863,6,7
3864,6,7
3865,5,7
3866,5,7
3867,5,6
3868,5,7
3869,5,7
3870,5,7
3871,5,6
3872,5,6
3873,5,6
3874,5,6
3875,5,6
3876,5,6
3877,5,6
3878,5,6
3879,5,6
3880,5,6
3881,5,6
3882,5,6
3883,5,6
3884,5,6
3885,5,6
3886,5,6
3887,5,6
3888,5,6
3889,6,6
3890,6,6
3891,6,6
3892,6,6
3893,6,6
3894,6,6
3895,6,6
3896,5,6
3897,5,6
3898,5,6
3899,5,5
3900,5,5
3901,6,6
3902,6,6
3903,6,6
3904,7,6
3905,8,6
3906,7,6
3907,8,7
3908,8,7
3909,7,7
3910,7,7
3911,7,7
3912,7,8
3913,7,8
3914,8,8
3915,8,9
3916,8,9
3917,8,9
3918,8,10
3919,8,9
3920,8,9
3921,8,9
3922,8,9
3923,8,9
3924,8,9
3925,8,9
3926,7,9
3927,7,9
3928,7,8
3929,7,8
3930,7,8
3931,7,8
3932,7,8
3933,7,8
3934,7,8
3935,7,9
3936,7,9
3937,7,9
3938,6,10
3939,6,10
3940,6,10
3941,5,11
3942,6,11
3943,6,10
3944,6,10
3945,6,10
3946,6,11
3947,6,11
3948,6,11
3949,6,11
3950,7,11
3951,7,11
3952,7,12
3953,7,12
3954,7,12
3955,7,12
3956,7,12
3957,7,12
3958,7,12
3959,7,12
3960,7,13
3961,7,13
3962,7,13
3963,7,13
3964,7,12
3965,7,12
3966,7,12
3967,7,12
3968,7,12
3969,7,12
3970,7,12
3971,7,11
3972,7,11
3973,7,11
3974,7,11
3975,7,11
3976,7,11
3977,7,11
3978,7,11
3979,7,11
3980,7,11
3981,7,11
3982,7,11
3983,6,11
3984,6,11
3985,6,11
3986,6,11
3987,6,10
3988,6,10
3989,6,9
3990,6,9
3991,6,9
3992,6,9
3993,6,9
3994,6,9
3995,6,8
3996,6,8
3997,6,8
3998,6,8
3999,6,8
4000,5,8
4001,5,8
4002,5,8
4003,5,8
4004,5,8
4005,5,9
4006,5,9
4007,5,10
4008,5,10
4009,5,10
4010,5,8
4011,5,8
4012,5,8
4013,5,8
4014,5,8
4015,5,8
4016,5,8
4017,5,8
4018,5,8
4019,5,8
4020,5,8
4021,5,7
4022,5,8
4023,5,8
4024,5,8
4025,5,8
4026,5,8
4027,5,8
4028,5,8
4029,6,8
4030,6,8
4031,6,8
4032,6,9
4033,6,9
4034,6,9
4035,6,10
4036,6,10
4037,6,11
4038,6,11
4039,6,11
4040,6,11
4041,6,11
4042,6,10
4043,5,10
4044,5,10
4045,5,10
4046,5,10
4047,4,10
4048,4,10
4049,4,11
4050,5,11
4051,5,11
4052,5,11
4053,5,12
4054,5,12
4055,5,12
4056,5,12
4057,5,12
4058,5,12
4059,5,12
4060,5,12
4061,5,12
4062,5,12
4063,5,11
4064,5,11
4065,5,11
4066,5,10
4067,5,10
4068,5,10
4069,5,10
4070,5,11
4071,4,11
4072,4,11
4073,4,12
4074,4,11
4075,4,12
4076,4,12
4077,4,11
4078,3,13
4079,3,13
4080,3,13
4081,3,14
4082,3,13
4083,3,13
4084,3,13
4085,3,13
4086,3,13
4087,3,13
4088,3,13
4089,3,13
4090,3,13
4091,3,13
4092,3,13
4093,3,14
4094,3,14
4095,3,14
4096,3,14
4097,3,14
4098,3,13
4099,3,13
4100,3,13
4101,4,13
4102,4,13
4103,4,12
4104,5,11
4105,5,11
4106,5,12
4107,5,12
4108,5,11
4109,5,11
4110,4,12
4111,5,12
4112,5,12
4113,5,12
4114,5,12
4115,5,12
4116,5,12
4117,5,10
4118,5,10
4119,4,10
4120,4,9
4121,4,9
4122,4,9
4123,4,9
4124,4,9
4125,4,9
4126,4,8
4127,4,8
4128,4,9
4129,4,9
4130,4,9
4131,4,9
4132,3,9
4133,3,9
4134,3,9
4135,3,9
4136,3,9
4137,3,9
4138,3,9
4139,3,8
4140,3,9
4141,3,9
4142,3,9
4143,3,8
4144,3,8
4145,3,9
4146,3,9
4147,3,9
4148,3,9
4149,3,9
4150,3,9
4151,3,9
4152,3,9
4153,3,9
4154,3,9
4155,3,9
4156,3,10
4157,3,10
4158,4,10
4159,4,10
4160,4,9
4161,4,9
4162,4,9
4163,4,9
4164,4,9
4165,4,9
4166,3,9
4167,3,8
4168,3,7
4169,3,7
4170,4,7
4171,4,7
4172,4,7
4173,4,7
4174,4,8
4175,4,8
4176,4,8
4177,4,8
4178,4,8
4179,4,8
4180,4,8
4181,4,7
4182,4,7
4183,4,7
4184,4,7
4185,4,7
4186,4,7
4187,4,7
4188,4,7
4189,4,7
4190,4,7
4191,4,6
4192,5,6
4193,5,6
4194,5,6
4195,5,6
4196,5,6
4197,4,6
4198,4,5
4199,4,5
4200,4,5
4201,4,6
4202,4,6
4203,4,6
4204,4,6
4205,4,5
4206,4,5
4207,4,5
4208,4,5
4209,4,5
4210,4,5
4211,4,5
4212,4,5
4213,4,5
4214,4,5
4215,4,5
4216,4,5
4217,4,6
4218,4,6
4219,4,6
4220,4,6
4221,4,6
4222,4,6
4223,4,6
4224,4,6
4225,4,7
4226,4,7
4227,4,7
4228,4,7
4229,4,7
4230,4,6
4231,4,6
4232,4,6
4233,4,6
4234,4,6
4235,4,6
4236,4,6
4237,4,6
4238,5,6
4239,5,6
4240,5,6
4241,5,6
4242,5,6
4243,6,7
4244,7,7
4245,7,7
4246,7,8
4247,7,7
4248,7,7
4249,7,7
4250,7,8
4251,8,8
4252,7,9
4253,7,7
4254,6,8
4255,6,7
4256,5,6
4257,5,6
4258,6,7
4259,6,7
4260,6,7
4261,6,7
4262,6,7
4263,6,7
4264,6,7
4265,7,7
4266,6,7
4267,6,7
4268,6,8
4269,5,8
4270,6,8
4271,6,8
4272,6,8
4273,6,8
4274,6,8
4275,6,7
4276,6,6
4277,6,6
4278,6,7
4279,6,6
4280,6,6
4281,6,6
4282,6,6
4283,6,6
4284,5,6
4285,5,6
4286,5,5
4287,5,5
4288,5,5
4289,5,5
4290,5,5
4291,5,5
4292,5,5
4293,5,6
4294,5,6
4295,5,6
4296,5,6
4297,5,6
4298,5,6
4299,5,6
4300,5,6
4301,5,6
4302,5,6
4303,5,6
4304,5,6
4305,5,6
4306,4,6
4307,5,6
4308,5,6
4309,5,6
4310,5,6
4311,5,6
4312,5,5
4313,5,5
4314,6,5
4315,6,5
4316,6,5
4317,6,5
4318,6,5
4319,6,5
4320,6,6
4321,7,6
4322,8,6
4323,8,6
4324,8,6
4325,7,6
4326,7,6
4327,7,6
4328,7,6
4329,7,6
4330,7,7
4331,8,6
4332,8,6
4333,7,6
4334,7,6
4335,8,6
4336,8,6
4337,8,6
4338,8,6
4339,8,7
4340,8,8
4341,8,8
4342,8,8
4343,7,7
4344,6,6
4345,7,6
4346,6,7
4347,6,7
4348,6,7
4349,6,7
4350,6,7
4351,6,8
4352,6,9
4353,6,8
4354,6,8
4355,6,9
4356,7,9
4357,7,9
4358,7,9
4359,7,9
4360,8,8
4361,8,8
4362,8,8
4363,8,9
4364,8,9
4365,8,9
4366,8,9
4367,8,9
4368,8,9
4369,8,10
4370,8,10
4371,8,10
4372,8,9
4373,7,9
4374,7,9
4375,7,8
4376,7,8
4377,7,8
4378,7,8
4379,7,8
4380,7,7
4381,7,7
4382,6,7
4383,5,7
4384,5,7
4385,4,6
4386,4,6
4387,5,6
4388,5,6
4389,5,6
4390,5,6
4391,6,6
4392,6,6
4393,6,6
4394,6,6
4395,6,7
4396,6,7
4397,6,7
4398,6,7
4399,6,7
4400,6,6
4401,6,6
4402,6,6
4403,6,5
4404,6,5
4405,6,5
4406,6,4
4407,6,4
4408,6,4
4409,6,3
4410,6,3
4411,6,3
4412,6,3
4413,6,3
4414,6,3
4415,6,3
4416,7,3
4417,7,3
4418,7,4
4419,7,4
4420,7,4
4421,7,3
4422,7,3
4423,7,4
4424,7,4
4425,7,4
4426,8,4
4427,8,4
4428,7,4
4429,7,4
4430,7,3
4431,7,3
4432,7,3
4433,7,3
4434,7,3
4435,7,3
4436,6,3
4437,6,4
4438,6,4
4439,6,4
4440,6,4
4441,6,4
4442,5,5
4443,5,5
4444,5,5
4445,5,5
4446,6,5
4447,6,5
4448,6,5
4449,6,5
4450,6,5
4451,6,5
4452,7,5
4453,6,5
4454,6,5
4455,6,5
4456,6,5
4457,6,5
4458,6,5
4459,6,6
4460,6,6
4461,6,6
4462,6,6
4463,5,5
4464,5,5
4465,5,5
4466,5,5
4467,5,5
4468,5,5
4469,5,4
4470,5,3
4471,5,3
4472,5,3
4473,5,3
4474,5,3
4475,6,3
4476,6,3
4477,6,3
4478,7,3
4479,7,3
4480,7,4
4481,7,3
4482,7,3
4483,7,3
4484,7,3
4485,7,4
4486,7,5
4487,7,5
4488,7,6
4489,7,7
4490,7,7
4491,7,7
4492,7,7
4493,7,6
4494,7,6
4495,7,6
4496,7,6
4497,8,6
4498,9,7
4499,9,7
4500,9,7
4501,9,7
4502,10,7
4503,10,7
4504,10,7
4505,10,7
4506,9,8
4507,9,8
4508,9,8
4509,9,8
4510,9,8
4511,9,8
4512,9,8
4513,9,9
4514,9,9
4515,9,9
4516,10,9
4517,10,9
4518,9,9
4519,9,10
4520,9,10
4521,9,10
4522,9,11
4523,9,11
4524,9,11
4525,9,11
4526,9,11
4527,9,11
4528,9,11
4529,9,11
4530,9,11
4531,9,11
4532,9,11
4533,9,11
4534,9,12
4535,9,12
4536,9,12
4537,8,12
4538,8,12
4539,8,12
4540,8,12
4541,7,12
4542,7,12
4543,7,13
4544,8,13
4545,8,13
4546,8,13
4547,8,12
4548,8,12
4549,8,10
4550,8,10
4551,7,10
4552,7,9
4553,7,9
4554,7,10
4555,7,10
4556,7,10
4557,7,9
4558,8,11
4559,8,11
4560,7,10
4561,7,10
4562,7,10
4563,7,9
4564,7,9
4565,7,8
4566,7,9
4567,7,10
4568,7,10
4569,6,10
4570,5,10
4571,5,10
4572,5,10
4573,5,10
4574,5,10
4575,5,10
4576,5,10
4577,5,10
4578,5,11
4579,5,12
4580,5,13
4581,5,13
4582,5,13
4583,5,14
4584,5,13
4585,5,13
4586,5,14
4587,5,14
4588,5,14
4589,5,13
4590,5,13
4591,5,13
4592,5,13
4593,5,13
4594,5,13
4595,5,13
4596,5,13
4597,5,14
4598,5,14
4599,5,14
4600,5,14
4601,5,14
4602,5,14
4603,5,13
4604,5,13
4605,5,13
4606,6,13
4607,7,13
4608,7,13
4609,7,14
4610,7,14
4611,8,14
4612,8,14
4613,8,14
4614,7,15
4615,8,15
4616,8,15
4617,8,15
4618,9,15
4619,8,15
4620,8,15
4621,8,15
4622,8,15
4623,8,15
4624,8,15
4625,8,15
4626,8,15
4627,8,15
4628,8,16
4629,8,15
4630,7,15
4631,7,15
4632,7,14
4633,7,14
4634,11,14
4635,11,15
4636,11,15
4637,10,15
4638,10,15
4639,10,15
4640,11,15
4641,11,15
4642,11,14
4643,11,14
4644,11,13
4645,11,13
4646,11,13
4647,11,13
4648,12,13
4649,12,12
4650,12,12
4651,12,11
4652,12,11
4653,12,11
4654,11,11
4655,11,11
4656,11,11
4657,11,11
4658,12,11
4659,12,11
4660,11,12
4661,11,13
4662,10,13
4663,10,13
4664,10,13
4665,11,13
4666,11,13
4667,11,13
4668,11,13
4669,11,13
4670,10,12
4671,10,12
4672,10,11
4673,10,11
4674,9,11
4675,9,11
4676,9,11
4677,9,11
4678,9,11
4679,10,11
4680,10,10
4681,10,10
4682,10,10
4683,10,10
4684,10,10
4685,10,10
4686,10,10
4687,10,9
4688,9,9
4689,9,9
4690,9,10
4691,9,9
4692,9,9
4693,9,9
4694,9,9
4695,9,9
4696,9,9
4697,9,9
4698,9,9
4699,9,9
4700,9,9
4701,9,10
4702,9,10
4703,9,10
4704,9,9
4705,9,9
4706,9,9
4707,9,10
4708,8,9
4709,8,9
4710,8,9
4711,8,9
4712,8,9
4713,8,9
4714,9,9
4715,9,8
4716,9,8
4717,9,8
4718,9,8
4719,9,8
4720,8,8
4721,8,8
4722,8,8
4723,8,8
4724,8,8
4725,8,8
4726,8,8
4727,7,7
4728,7,7
4729,7,7
4730,7,7
4731,6,8
4732,6,8
4733,6,8
4734,6,8
4735,6,8
4736,6,9
4737,6,9
4738,6,9
4739,5,9
4740,5,9
4741,4,9
4742,4,9
4743,4,10
4744,4,10
4745,4,10
4746,5,10
4747,5,10
4748,5,10
4749,5,10
4750,5,10
4751,5,10
4752,5,10
4753,6,9
4754,6,9
4755,6,10
4756,6,10
4757,6,10
4758,6,10
4759,6,10
4760,6,9
4761,6,9
4762,6,9
4763,6,9
4764,6,9
4765,5,9
4766,5,9
4767,5,10
4768,5,10
4769,5,10
4770,5,10
4771,5,9
4772,5,9
4773,5,10
4774,5,9
4775,5,9
4776,5,9
4777,5,11
4778,5,11
4779,5,11
4780,5,12
4781,5,12
4782,5,12
4783,5,12
4784,5,12
4785,5,12
4786,5,12
4787,5,12
4788,5,11
4789,5,10
4790,5,10
4791,5,10
4792,5,10
4793,5,10
4794,5,10
4795,5,10
4796,5,9
4797,5,9
4798,5,10
4799,5,10
4800,5,10
4801,5,10
4802,5,10
4803,5,10
4804,5,8
4805,5,8
4806,5,8
4807,5,8
4808,5,8
4809,5,8
4810,5,8
4811,5,8
4812,5,9
4813,5,9
4814,5,9
4815,5,9
4816,5,9
4817,5,9
4818,6,9
4819,6,10
4820,6,10
4821,6,10
4822,6,10
4823,6,10
4824,6,10
4825,6,10
4826,6,10
4827,7,9
4828,6,9
4829,6,9
4830,6,9
4831,6,9
4832,6,9
4833,6,9
4834,6,9
4835,6,9
4836,5,10
4837,5,10
4838,5,11
4839,5,12
4840,5,12
4841,5,12
4842,5,12
4843,5,12
4844,5,12
4845,5,12
4846,6,11
4847,5,11
4848,4,11
4849,4,11
4850,4,11
4851,4,11
4852,4,11
4853,3,11
4854,3,11
4855,3,11
4856,3,11
4857,3,11
4858,3,10
4859,3,10
4860,3,10
4861,3,10
4862,3,10
4863,3,11
4864,3,11
4865,3,13
4866,3,13
4867,3,13
4868,3,13
4869,3,12
4870,3,12
4871,3,13
4872,3,13
4873,3,13
4874,3,14
4875,2,14
4876,2,14
4877,2,14
4878,2,14
4879,2,14
4880,2,14
4881,2,13
4882,2,13
4883,2,13
4884,2,13
4885,2,14
4886,2,14
4887,2,14
4888,2,14
4889,2,14
4890,2,14
4891,2,14
4892,2,14
4893,2,14
4894,2,14
4895,2,14
4896,2,13
4897,2,12
4898,2,12
4899,2,13
4900,2,13
4901,2,13
4902,2,13
4903,2,13
4904,2,13
4905,3,12
4906,3,11
4907,3,11
4908,4,10
4909,4,10
4910,4,10
4911,4,10
4912,4,10
4913,4,10
4914,4,10
4915,4,10
4916,3,11
4917,3,12
4918,3,12
4919,3,10
4920,3,10
4921,3,10
4922,3,10
4923,3,10
4924,3,9
4925,3,9
4926,3,9
4927,3,8
4928,2,8
4929,2,8
4930,3,8
4931,3,8
4932,2,8
4933,2,8
4934,2,8
4935,2,8
4936,2,7
4937,2,7
4938,2,8
4939,2,8
4940,2,7
4941,2,7
4942,2,7
4943,2,7
4944,2,6
4945,2,6
4946,2,6
4947,3,5
4948,3,5
4949,3,5
4950,3,5
4951,3,5
4952,3,5
4953,3,5
4954,4,6
4955,4,6
4956,4,6
4957,4,6
4958,4,6
4959,4,7
4960,4,7
4961,4,8
4962,4,8
4963,4,8
4964,5,8
4965,6,8
4966,6,8
4967,6,9
4968,6,9
4969,6,9
4970,6,10
4971,6,10
4972,6,10
4973,6,10
4974,6,9
4975,6,9
4976,6,9
4977,6,9
4978,6,9
4979,6,9
4980,6,10
4981,6,10
4982,6,10
4983,6,10
4984,6,10
4985,6,10
4986,5,10
4987,5,10
4988,5,10
4989,5,10
4990,5,9
4991,5,9
4992,5,9
4993,5,9
4994,5,9
4995,5,8
4996,6,9
4997,5,9
4998,4,9
4999,4,9
5000,4,9
5001,4,9
5002,4,9
5003,4,10
5004,4,10
5005,4,10
5006,3,10
5007,3,10
5008,3,10
5009,3,10
5010,3,10
5011,3,10
5012,3,10
5013,3,9
5014,3,8
5015,3,8
5016,3,8
5017,3,8
5018,4,8
5019,4,8
5020,4,8
5021,4,8
5022,4,8
5023,4,7
5024,4,7
5025,3,7
5026,3,7
5027,3,7
5028,3,8
5029,3,8
5030,3,8
5031,3,8
5032,2,9
5033,3,9
5034,3,8
5035,3,8
5036,3,8
5037,3,8
5038,3,8
5039,2,8
5040,2,9
5041,2,9
5042,2,8
5043,2,8
5044,2,10
5045,2,10
5046,2,10
5047,2,9
5048,2,9
5049,3,9
5050,4,9
5051,4,9
5052,4,10
5053,4,10
5054,4,10
5055,4,10
5056,4,10
5057,4,10
5058,4,10
5059,4,10
5060,4,9
5061,4,9
5062,4,8
5063,4,8
5064,3,8
5065,3,8
5066,3,9
5067,3,9
5068,4,9
5069,4,9
5070,4,9
5071,4,9
5072,4,9
5073,4,10
5074,4,10
5075,4,10
5076,4,11
5077,5,11
5078,5,11
5079,5,11
5080,5,11
5081,4,13
5082,4,14
5083,4,14
5084,4,14
5085,4,14
5086,4,14
5087,4,14
5088,5,13
5089,5,13
5090,5,14
5091,6,14
5092,6,14
5093,6,14
5094,6,14
5095,6,15
5096,6,15
5097,6,15
5098,6,14
5099,6,14
5100,6,14
5101,6,15
5102,6,13
5103,6,13
5104,6,13
5105,6,13
5106,6,13
5107,6,13
5108,6,13
5109,6,13
5110,6,13
5111,6,14
5112,6,14
5113,6,14
5114,6,13
5115,6,14
5116,6,15
5117,6,15
5118,6,15
5119,6,16
5120,6,16
5121,6,17
5122,6,18
5123,6,18
5124,6,18
5125,6,20
5126,6,21
5127,6,22
5128,6,22
5129,6,21
5130,6,20
5131,7,20
5132,7,20
5133,7,20
5134,7,21
5135,6,21
5136,6,21
5137,5,20
5138,5,20
5139,4,20
5140,4,21
5141,4,21
5142,5,20
5143,5,21
5144,5,21
5145,5,20
5146,5,20
5147,5,20
5148,5,22
5149,5,23
5150,5,23
5151,5,23
5152,5,23
5153,5,23
5154,5,24
5155,5,24
5156,5,24
5157,5,23
5158,5,23
5159,5,22
5160,5,22
5161,5,21
5162,5,20
5163,5,20
5164,5,20
5165,5,20
5166,6,20
5167,7,19
5168,7,18
5169,7,19
5170,7,18
5171,7,18
5172,7,20
5173,7,20
5174,7,21
5175,7,21
5176,7,21
5177,7,22
5178,7,21
5179,7,21
5180,7,21
5181,8,21
5182,8,21
5183,7,22
5184,7,22
5185,7,22
5186,7,22
5187,7,22
5188,7,22
5189,7,22
5190,7,23
5191,7,23
5192,7,23
5193,7,23
5194,7,24
5195,7,23
5196,8,22
5197,8,22
5198,8,21
5199,8,20
5200,8,21
5201,8,21
5202,7,22
5203,7,22
5204,7,22
5205,7,20
5206,7,19
5207,7,19
5208,7,18
5209,7,18
5210,7,17
5211,7,17
5212,8,17
5213,8,17
5214,8,17
5215,8,17
5216,8,17
5217,8,17
5218,8,18
5219,8,17
5220,8,17
5221,8,16
5222,8,16
5223,8,16
5224,8,16
5225,8,16
5226,8,14
5227,8,14
5228,8,14
5229,8,14
5230,8,14
5231,8,14
5232,8,15
5233,8,15
5234,8,15
5235,8,14
5236,8,14
5237,8,14
5238,7,14
5239,8,14
5240,8,14
5241,8,14
5242,8,14
5243,8,14
5244,8,14
5245,10,14
5246,10,14
5247,11,14
5248,11,15
5249,10,15
5250,10,15
5251,10,15
5252,9,15
5253,9,16
5254,9,16
5255,9,16
5256,9,14
5257,9,14
5258,9,14
5259,10,14
5260,10,14
5261,10,15
5262,10,15
5263,10,15
5264,10,15
5265,10,15
5266,10,16
5267,10,16
5268,9,15
5269,9,14
5270,9,14
5271,9,14
5272,10,14
5273,10,14
5274,10,14
5275,10,13
5276,9,13
5277,9,13
5278,9,13
5279,9,13
5280,9,14
5281,9,14
5282,9,14
5283,10,16
5284,10,16
5285,10,16
5286,10,14
5287,10,14
5288,10,15
5289,12,15
5290,12,15
5291,12,15
5292,12,15
5293,12,14
5294,12,14
5295,12,15
5296,12,16
5297,12,16
5298,12,16
5299,13,16
5300,13,16
5301,13,16
5302,13,17
5303,13,17
5304,13,17
5305,12,17
5306,11,17
5307,11,17
5308,11,17
5309,11,17
5310,12,17
5311,12,17
5312,12,16
5313,12,16
5314,12,15
5315,12,16
5316,12,16
5317,12,16
5318,13,16
5319,13,16
5320,13,16
5321,13,16
5322,13,15
5323,12,15
5324,13,15
5325,12,15
5326,12,15
5327,12,16
5328,11,16
5329,12,16
5330,12,16
5331,11,16
5332,12,16
5333,12,16
5334,12,16
5335,12,16
5336,12,16
5337,12,16
5338,13,14
5339,12,15
5340,12,15
5341,12,15
5342,12,15
5343,12,14
5344,12,14
5345,12,14
5346,12,14
5347,12,13
5348,11,13
5349,10,13
5350,10,13
5351,10,13
5352,9,13
5353,9,13
5354,9,13
5355,9,13
5356,9,13
5357,10,13
5358,10,13
5359,11,13
5360,11,13
5361,11,13
5362,10,14
5363,11,14
5364,12,14
5365,11,14
5366,11,14
5367,11,14
5368,11,14
5369,11,14
5370,11,14
5371,11,13
5372,10,13
5373,10,12
5374,9,11
5375,9,11
5376,9,11
5377,9,10
5378,9,9
5379,9,9
5380,9,10
5381,9,10
5382,9,10
5383,8,10
5384,8,10
5385,8,10
5386,7,10
5387,7,10
5388,8,10
5389,8,10
5390,8,10
5391,8,9
5392,8,8
5393,8,9
5394,8,9
5395,8,9
5396,8,8
5397,8,8
5398,8,8
5399,8,9
5400,8,9
5401,8,9
5402,9,10
5403,9,10
5404,9,10
5405,9,10
5406,8,11
5407,8,11
5408,9,11
5409,9,11
5410,10,11
5411,10,11
5412,10,11
5413,10,11
5414,11,11
5415,10,10
5416,9,10
5417,9,10
5418,9,10
5419,9,10
5420,9,10
5421,9,10
5422,9,10
5423,9,10
5424,9,10
5425,9,11
5426,10,11
5427,10,11
5428,10,11
5429,10,11
5430,10,11
5431,9,10
5432,9,10
5433,9,10
5434,10,10
5435,10,11
5436,10,11
5437,9,11
5438,9,11
5439,9,11
5440,9,11
5441,9,11
5442,9,12
5443,9,12
5444,8,13
5445,8,13
5446,8,13
5447,7,13
5448,7,13
5449,7,13
5450,6,13
5451,6,13
5452,6,13
5453,6,12
5454,6,12
5455,6,12
5456,6,12
5457,7,12
5458,7,12
5459,7,12
5460,7,12
5461,7,12
5462,7,11
5463,7,11
5464,7,11
5465,7,11
5466,7,10
5467,7,10
5468,7,10
5469,7,11
5470,7,10
5471,6,10
5472,6,10
5473,6,10
5474,7,10
5475,7,10
5476,7,10
5477,7,10
5478,7,10
5479,7,10
5480,7,10
5481,6,10
5482,6,10
5483,7,11
5484,7,11
5485,7,11
5486,7,11
5487,7,10
5488,7,10
5489,7,9
5490,7,9
5491,7,9
5492,6,9
5493,6,9
5494,6,10
5495,6,10
5496,6,10
5497,6,10
5498,6,10
5499,6,10
5500,6,11
5501,6,11
5502,6,12
5503,6,12
5504,6,12
5505,6,12
5506,6,12
5507,6,12
5508,6,12
5509,6,12
5510,6,12
5511,6,12
5512,7,12
5513,7,12
5514,7,11
5515,7,11
5516,7,11
5517,6,11
5518,6,10
5519,6,10
5520,6,10
5521,6,11
5522,6,11
5523,5,11
5524,5,10
5525,5,9
5526,5,9
5527,5,9
5528,5,9
5529,5,9
5530,5,9
5531,5,9
5532,5,9
5533,5,9
5534,6,9
5535,6,9
5536,6,9
5537,6,9
5538,5,9
5539,5,9
5540,5,9
5541,5,9
5542,5,9
5543,5,10
5544,5,10
5545,5,10
5546,5,10
5547,5,10
5548,5,10
5549,5,9
5550,5,9
5551,5,9
5552,5,8
5553,5,7
5554,5,7
5555,5,7
5556,5,7
5557,5,7
5558,5,7
5559,5,7
5560,5,7
5561,4,6
5562,4,6
5563,4,5
5564,4,4
5565,4,4
5566,4,4
5567,4,4
5568,4,4
5569,4,4
5570,5,4
5571,5,4
5572,5,4
5573,5,4
5574,5,5
5575,5,5
5576,4,5
5577,4,4
5578,4,4
5579,4,4
5580,4,4
5581,4,4
5582,4,4
5583,4,4
5584,4,5
5585,4,5
5586,4,5
5587,4,6
5588,4,7
5589,4,7
5590,4,8
5591,4,8
5592,5,8
5593,5,8
5594,5,7
5595,4,7
5596,4,7
5597,4,7
5598,4,7
5599,4,7
5600,4,7
5601,4,7
5602,4,6
5603,4,7
5604,4,7
5605,4,7
5606,4,7
5607,4,7
5608,4,7
5609,4,7
5610,4,7
5611,4,7
5612,4,7
5613,4,7
5614,4,7
5615,4,8
5616,4,8
5617,4,8
5618,4,8
5619,5,8
5620,5,8
5621,5,8
5622,5,8
5623,5,9
5624,5,9
5625,5,9
5626,5,9
5627,5,9
5628,5,10
5629,5,10
5630,5,10
5631,5,10
5632,5,10
5633,5,10
5634,5,9
5635,5,9
5636,5,8
5637,5,8
5638,6,8
5639,6,8
5640,6,8
5641,6,7
5642,6,7
5643,6,7
5644,6,7
5645,6,7
5646,6,7
5647,6,7
5648,6,7
5649,6,7
5650,5,6
5651,5,6
5652,5,6
5653,4,7
5654,4,7
5655,4,7
5656,4,7
5657,4,7
5658,4,7
5659,4,7
5660,4,8
5661,4,8
5662,4,8
5663,4,8
5664,4,8
5665,4,8
5666,5,7
5667,5,7
5668,5,7
5669,5,7
5670,5,7
5671,5,7
5672,5,7
5673,6,7
5674,6,7
5675,6,7
5676,6,7
5677,6,7
5678,6,7
5679,6,7
5680,6,8
5681,6,8
5682,6,8
5683,6,9
5684,6,9
5685,6,10
5686,6,10
5687,6,10
5688,6,10
5689,6,11
5690,6,13
5691,6,13
5692,5,13
5693,5,13
5694,5,13
5695,5,13
5696,5,13
5697,5,13
5698,5,13
5699,5,13
5700,5,13
5701,5,12
5702,5,12
5703,5,12
5704,5,12
5705,5,11
5706,5,11
5707,5,12
5708,5,11
5709,5,11
5710,5,11
5711,5,11
5712,6,11
5713,6,11
5714,6,12
5715,6,12
5716,6,12
5717,6,12
5718,5,12
5719,5,10
5720,5,10
5721,5,11
5722,5,11
5723,5,12
5724,5,12
5725,5,13
5726,5,13
5727,5,13
5728,5,13
5729,5,14
5730,5,13
5731,5,14
5732,5,14
5733,5,14
5734,5,14
5735,5,14
5736,5,14
5737,5,15
5738,5,15
5739,5,15
5740,5,15
5741,5,16
5742,5,16
5743,5,17
5744,5,17
5745,5,17
5746,5,17
5747,5,16
5748,6,16
5749,6,16
5750,6,16
5751,6,17
5752,6,17
5753,6,17
5754,6,17
5755,6,17
5756,6,17
5757,6,17
5758,6,17
5759,7,17
5760,7,18
5761,7,18
5762,7,17
5763,7,17
5764,7,17
5765,7,17
5766,7,12
5767,7,12
5768,7,12
5769,7,12
5770,7,12
5771,7,12
5772,7,11
5773,7,11
5774,7,11
5775,7,11
5776,7,11
5777,7,11
5778,8,11
5779,7,11
5780,6,11
5781,6,11
5782,6,10
5783,6,10
5784,5,10
5785,5,9
5786,5,9
5787,5,9
5788,5,9
5789,5,8
5790,5,8
5791,5,8
5792,5,8
5793,5,8
5794,5,8
5795,5,8
5796,5,9
5797,5,10
5798,5,10
5799,5,10
5800,5,10
5801,5,9
5802,5,8
5803,5,8
5804,5,8
5805,5,9
5806,5,9
5807,5,9
5808,5,8
5809,6,7
5810,6,7
5811,6,7
5812,6,7
5813,6,7
5814,5,8
5815,5,8
5816,5,8
5817,5,7
5818,5,7
5819,5,7
5820,5,7
5821,5,7
5822,5,7
5823,5,7
5824,5,8
5825,5,8
5826,5,8
5827,6,8
5828,6,7
5829,6,7
5830,6,6
5831,6,6
5832,5,6
5833,5,6
5834,6,7
5835,6,7
5836,6,7
5837,6,7
5838,6,7
5839,7,8
5840,7,8
5841,7,8
5842,7,7
5843,7,7
5844,7,8
5845,7,8
5846,7,8
5847,7,8
5848,7,8
5849,7,8
5850,6,8
5851,6,8
5852,6,8
5853,6,8
5854,7,8
5855,7,8
5856,7,8
5857,7,8
5858,7,6
5859,7,6
5860,7,6
5861,7,6
5862,7,6
5863,7,6
5864,6,5
5865,6,5
5866,6,5
5867,6,5
5868,6,4
5869,7,3
5870,7,3
5871,7,3
5872,7,3
5873,7,4
5874,7,4
5875,7,4
5876,7,4
5877,7,4
5878,7,5
5879,7,5
5880,7,5
5881,7,5
5882,5,5
5883,5,5
5884,6,5
5885,6,5
5886,6,5
5887,5,5
5888,5,5
5889,5,5
5890,5,5
5891,5,5
5892,5,5
5893,5,5
5894,5,5
5895,5,5
5896,5,6
5897,5,6
5898,5,6
5899,5,6
5900,5,7
5901,5,7
5902,5,6
5903,5,6
5904,5,6
5905,5,7
5906,5,7
5907,6,8
5908,6,8
5909,6,9
5910,6,10
5911,6,9
5912,6,8
5913,6,8
5914,6,8
5915,6,9
5916,6,9
5917,6,9
5918,6,9
5919,6,9
5920,6,9
5921,6,9
5922,6,9
5923,6,10
5924,6,10
5925,6,10
5926,7,10
5927,7,10
5928,7,10
5929,7,10
5930,7,10
5931,7,10
5932,7,10
5933,7,10
5934,7,10
5935,7,10
5936,7,10
5937,7,10
5938,7,9
5939,7,9
5940,7,9
5941,7,9
5942,7,10
5943,7,10
5944,7,10
5945,7,10
5946,7,10
5947,7,10
5948,7,10
5949,7,10
5950,7,10
5951,8,10
5952,8,10
5953,8,10
5954,8,10
5955,8,10
5956,8,10
5957,8,10
5958,8,9
5959,8,9
5960,8,9
5961,8,9
5962,8,9
5963,9,9
5964,8,9
5965,8,9
5966,8,9
5967,8,10
5968,8,9
5969,8,10
5970,8,10
5971,8,10
5972,8,10
5973,8,9
5974,8,7
5975,8,7
5976,8,7
5977,8,7
5978,8,7
5979,8,7
5980,9,6
5981,8,6
5982,8,6
5983,8,6
5984,8,7
5985,8,7
5986,8,7
5987,8,6
5988,8,6
5989,8,6
5990,8,6
5991,8,6
5992,8,5
5993,8,6
5994,8,6
5995,8,6
5996,8,6
5997,8,6
5998,8,6
5999,7,6
6000,8,6
6001,8,6
6002,8,6
6003,9,6
6004,9,6
6005,9,6
6006,8,5
6007,8,5
6008,8,5
6009,8,5
6010,8,6
6011,8,6
6012,8,6
6013,8,6
6014,8,6
6015,8,6
6016,8,7
6017,8,7
6018,7,7
6019,7,8
6020,7,8
6021,7,8
6022,7,8
6023,7,8
6024,7,8
6025,7,8
6026,7,9
6027,6,9
6028,6,9
6029,6,10
6030,6,10
6031,6,10
6032,7,11
6033,7,11
6034,7,11
6035,7,11
6036,7,12
6037,7,12
6038,6,12
6039,6,12
6040,6,12
6041,7,13
6042,7,13
6043,7,13
6044,7,14
6045,7,14
6046,7,13
6047,7,12
6048,8,12
6049,8,12
6050,9,12
6051,9,12
6052,9,12
6053,9,13
6054,9,13
6055,9,13
6056,9,13
6057,9,13
6058,9,13
6059,8,14
6060,8,13
6061,8,12
6062,8,11
6063,8,11
6064,8,11
6065,8,11
6066,8,11
6067,8,11
6068,8,11
6069,8,11
6070,8,11
6071,8,12
6072,8,12
6073,8,14
6074,8,14
6075,8,14
6076,8,13
6077,8,12
6078,9,13
6079,9,14
6080,9,14
6081,9,13
6082,9,13
6083,10,13
6084,11,13
6085,11,12
6086,12,13
6087,12,13
6088,12,13
6089,12,13
6090,12,13
6091,12,13
6092,12,13
6093,12,13
6094,12,12
6095,12,12
6096,12,12
6097,12,12
6098,13,12
6099,13,12
6100,13,12
6101,13,12
6102,12,12
6103,12,12
6104,12,12
6105,12,12
6106,12,12
6107,12,11
6108,11,11
6109,11,11
6110,11,11
6111,11,10
6112,10,10
6113,10,10
6114,9,9
6115,9,9
6116,9,9
6117,9,9
6118,9,9
6119,9,10
6120,9,10
6121,9,10
6122,9,10
6123,9,10
6124,9,10
6125,9,9
6126,9,10
6127,9,10
6128,9,10
6129,9,11
6130,9,11
6131,10,11
6132,12,11
6133,12,11
6134,12,10
6135,11,10
6136,11,10
6137,10,10
6138,11,11
6139,10,11
6140,10,11
6141,10,12
6142,10,13
6143,10,13
6144,10,13
6145,9,13
6146,9,13
6147,10,13
6148,10,13
6149,10,13
6150,10,13
6151,10,13
6152,10,13
6153,10,12
6154,10,12
6155,10,12
6156,10,12
6157,10,12
6158,11,12
6159,11,13
6160,10,14
6161,10,14
6162,10,14
6163,10,14
6164,10,14
6165,9,14
6166,9,13
6167,9,13
6168,9,14
6169,9,14
6170,9,14
6171,9,14
6172,9,14
6173,9,14
6174,8,14
6175,8,14
6176,9,14
6177,9,13
6178,9,13
6179,9,13
6180,9,13
6181,9,13
6182,9,14
6183,9,14
6184,9,14
6185,9,14
6186,9,14
6187,9,14
6188,9,13
6189,9,13
6190,9,13
6191,9,13
6192,9,13
6193,9,13
6194,8,13
6195,7,13
6196,7,13
6197,7,13
6198,7,13
6199,7,13
6200,7,12
6201,7,13
6202,7,13
6203,7,13
6204,7,13
6205,7,13
6206,7,13
6207,6,13
6208,6,13
6209,6,13
6210,6,12
6211,6,13
6212,6,13
6213,6,13
6214,6,14
6215,6,14
6216,6,13
6217,6,13
6218,6,13
6219,6,13
6220,6,13
6221,6,13
6222,6,13
6223,6,13
6224,6,13
6225,6,13
6226,6,13
6227,7,13
6228,7,13
6229,7,13
6230,7,13
6231,7,13
6232,7,13
6233,7,13
6234,7,13
6235,7,14
6236,7,13
6237,7,13
6238,7,14
6239,7,14
6240,7,15
6241,7,15
6242,7,15
6243,7,15
6244,7,15
6245,7,15
6246,7,15
6247,7,15
6248,7,14
6249,7,15
6250,7,15
6251,7,17
6252,7,18
6253,7,18
6254,8,18
6255,8,18
6256,8,18
6257,8,18
6258,8,18
6259,8,18
6260,8,18
6261,7,18
6262,7,18
6263,7,18
6264,7,18
6265,7,18
6266,7,18
6267,7,17
6268,7,17
6269,6,17
6270,5,15
6271,5,15
6272,5,15
6273,6,15
6274,6,15
6275,6,15
6276,6,15
6277,6,15
6278,6,15
6279,6,15
6280,6,14
6281,6,14
6282,6,13
6283,6,13
6284,6,13
6285,7,13
6286,7,14
6287,7,15
6288,7,15
6289,8,15
6290,7,15
6291,7,14
6292,8,14
6293,9,14
6294,9,14
6295,9,14
6296,9,15
6297,9,15
6298,9,15
6299,9,15
6300,8,15
6301,8,16
6302,8,16
6303,9,15
6304,9,15
6305,9,15
6306,8,15
6307,8,15
6308,8,15
6309,8,15
6310,8,15
6311,8,15
6312,8,15
6313,8,15
6314,8,15
6315,8,15
6316,8,15
6317,8,14
6318,8,14
6319,8,14
6320,8,14
6321,8,13
6322,8,13
6323,8,13
6324,8,13
6325,8,13
6326,8,13
6327,8,13
6328,8,13
6329,8,14
6330,7,14
6331,7,14
6332,7,14
6333,7,14
6334,7,14
6335,7,14
6336,7,14
6337,7,14
6338,6,14
6339,6,15
6340,6,15
6341,6,16
6342,6,16
6343,6,16
6344,6,16
6345,6,16
6346,6,16
6347,6,16
6348,6,14
6349,6,15
6350,6,15
6351,6,14
6352,6,14
6353,6,14
6354,6,13
6355,6,13
6356,5,14
6357,4,14
6358,4,14
6359,4,13
6360,4,13
6361,4,12
6362,4,12
6363,3,11
6364,3,11
6365,3,11
6366,3,11
6367,3,10
6368,3,10
6369,3,10
6370,3,9
6371,4,9
6372,5,9
6373,5,9
6374,5,9
6375,5,9
6376,4,9
6377,4,9
6378,4,9
6379,4,8
6380,4,8
6381,4,8
6382,4,7
6383,4,7
6384,4,6
6385,4,6
6386,4,6
6387,4,6
6388,4,6
6389,5,6
6390,4,6
6391,4,6
6392,4,7
6393,4,7
6394,4,7
6395,3,7
6396,3,7
6397,3,7
6398,3,7
6399,3,7
6400,3,7
6401,3,7
6402,3,7
6403,3,7
6404,3,7
6405,3,8
6406,4,8
6407,4,8
6408,4,9
6409,4,10
6410,4,10
6411,4,10
6412,4,10
6413,3,9
6414,3,9
6415,3,9
6416,3,9
6417,3,9
6418,3,10
6419,3,11
6420,3,12
6421,3,12
6422,3,13
6423,3,13
6424,3,13
6425,3,13
6426,3,13
6427,3,13
6428,3,12
6429,3,12
6430,3,12
6431,3,12
6432,3,12
6433,3,12
6434,3,12
6435,3,12
6436,3,12
6437,3,12
6438,3,12
6439,3,12
6440,3,13
6441,3,13
6442,3,13
6443,3,13
6444,3,10
6445,3,11
6446,3,12
6447,3,11
6448,3,11
6449,3,14
6450,3,15
6451,2,15
6452,2,16
6453,2,16
6454,2,15
6455,2,15
6456,2,16
6457,2,15
6458,2,14
6459,2,14
6460,2,15
6461,2,15
6462,2,15
6463,2,15
6464,2,15
6465,3,15
6466,3,14
6467,3,13
6468,4,13
6469,4,13
6470,4,13
6471,4,14
6472,4,14
6473,4,14
6474,4,15
6475,4,15
6476,4,15
6477,4,15
6478,4,14
6479,4,14
6480,4,14
6481,4,14
6482,4,13
6483,4,13
6484,4,13
6485,4,13
6486,4,12
6487,4,11
6488,4,11
6489,4,11
6490,4,12
6491,4,12
6492,4,12
6493,4,12
6494,4,12
6495,4,12
6496,4,12
6497,4,12
6498,4,11
6499,4,11
6500,4,11
6501,4,11
6502,4,11
6503,4,11
6504,4,11
6505,4,11
6506,3,11
6507,3,11
6508,3,10
6509,3,11
6510,3,10
6511,3,10
6512,3,10
6513,3,11
6514,4,11
6515,4,11
6516,4,11
6517,5,11
6518,5,11
6519,5,12
6520,5,12
6521,5,12
6522,5,12
6523,5,12
6524,5,12
6525,5,13
6526,6,14
6527,6,14
6528,5,13
6529,6,14
6530,6,14
6531,6,14
6532,6,14
6533,6,14
6534,6,13
6535,6,14
6536,6,14
6537,6,14
6538,6,14
6539,6,14
6540,6,14
6541,6,14
6542,7,14
6543,7,14
6544,7,14
6545,7,14
6546,7,14
6547,7,14
6548,7,14
6549,7,13
6550,7,13
6551,11,13
6552,11,13
6553,11,13
6554,11,13
6555,11,13
6556,11,13
6557,11,13
6558,11,13
6559,12,13
6560,12,13
6561,12,13
6562,11,13
6563,11,13
6564,12,13
6565,12,13
6566,12,13
6567,12,13
6568,11,13
6569,10,13
6570,10,13
6571,10,13
6572,10,13
6573,10,13
6574,10,13
6575,10,13
6576,10,13
6577,10,13
6578,10,13
6579,10,13
6580,9,13
6581,9,13
6582,9,13
6583,8,13
6584,8,13
6585,8,13
6586,8,13
6587,8,13
6588,8,13
6589,8,13
6590,8,12
6591,8,12
6592,8,12
6593,8,12
6594,9,12
6595,9,12
6596,9,12
6597,9,12
6598,9,12
6599,9,12
6600,9,11
6601,9,11
6602,9,11
6603,9,11
6604,10,12
6605,9,12
6606,9,12
6607,9,12
6608,9,12
6609,9,12
6610,9,12
6611,9,12
6612,10,12
6613,10,12
6614,10,10
6615,9,10
6616,9,11
6617,9,11
6618,9,11
6619,8,9
6620,8,9
6621,8,10
6622,8,11
6623,8,11
6624,9,11
6625,10,11
6626,10,11
6627,10,11
6628,10,11
6629,10,11
6630,10,10
6631,10,10
6632,10,10
6633,10,9
6634,10,9
6635,10,9
6636,10,10
6637,9,9
6638,9,9
6639,9,9
6640,9,8
6641,10,8
6642,9,8
6643,9,8
6644,9,8
6645,9,8
6646,9,8
6647,8,8
6648,8,8
6649,8,8
6650,7,8
6651,7,8
6652,7,8
6653,7,9
6654,7,9
6655,7,9
6656,7,10
6657,7,11
6658,7,11
6659,7,11
6660,7,11
6661,7,11
6662,7,11
6663,7,11
6664,7,11
6665,7,11
6666,8,11
6667,8,11
6668,8,10
6669,8,10
6670,8,11
6671,7,11
6672,7,12
6673,7,11
6674,7,10
6675,7,10
6676,7,10
6677,7,10
6678,7,11
6679,7,11
6680,8,11
6681,8,12
6682,8,12
6683,8,11
6684,8,11
6685,8,11
6686,8,11
6687,8,12
6688,8,12
6689,9,11
6690,10,11
6691,10,11
6692,10,11
6693,10,11
6694,10,10
6695,10,9
6696,10,9
6697,10,8
6698,9,8
6699,9,8
6700,9,8
6701,9,8
6702,9,8
6703,9,7
6704,9,7
6705,9,8
6706,9,8
6707,9,8
6708,9,7
6709,9,8
6710,9,8
6711,9,8
6712,9,8
6713,10,8
6714,10,8
6715,9,8
6716,10,8
6717,10,8
6718,10,8
6719,10,9
6720,10,9
6721,10,9
6722,11,9
6723,11,9
6724,11,9
6725,11,9
6726,12,9
6727,12,9
6728,12,9
6729,12,9
6730,13,9
6731,13,9
6732,12,9
6733,12,9
6734,12,9
6735,13,9
6736,14,9
6737,15,9
6738,14,8
6739,13,9
6740,13,9
6741,13,9
6742,13,9
6743,13,9
6744,13,9
6745,13,10
6746,13,10
6747,12,10
6748,12,11
6749,12,11
6750,12,11
6751,12,12
6752,12,13
6753,12,13
6754,12,13
6755,12,13
6756,12,13
6757,12,13
6758,12,13
6759,11,13
6760,11,13
6761,11,13
6762,11,13
6763,12,13
6764,12,13
6765,13,13
6766,13,13
6767,13,13
6768,12,12
6769,12,12
6770,12,12
6771,12,13
6772,13,13
6773,13,13
6774,12,13
6775,12,13
6776,12,14
6777,12,14
6778,11,14
6779,11,13
6780,12,13
6781,12,14
6782,12,14
6783,11,14
6784,11,14
6785,10,14
6786,10,14
6787,9,14
6788,9,14
6789,9,14
6790,8,14
6791,8,14
6792,7,14
6793,7,14
6794,7,14
6795,8,14
6796,7,14
6797,7,15
6798,7,15
6799,7,15
6800,7,15
6801,7,16
6802,7,16
6803,7,16
6804,7,16
6805,7,16
6806,7,16
6807,7,16
6808,7,16
6809,6,16
6810,6,15
6811,7,15
6812,7,15
6813,7,15
6814,7,16
6815,7,16
6816,7,15
6817,7,15
6818,7,15
6819,7,14
6820,7,15
6821,7,16
6822,7,16
6823,8,16
6824,8,16
6825,8,16
6826,7,16
6827,7,16
6828,7,16
6829,7,16
6830,7,16
6831,7,16
6832,7,16
6833,7,16
6834,7,16
6835,7,16
6836,7,16
6837,7,16
6838,7,16
6839,7,16
6840,7,16
6841,6,16
6842,6,16
6843,6,16
6844,6,16
6845,7,16
6846,7,16
6847,8,16
6848,8,15
6849,7,15
6850,7,15
6851,7,15
6852,7,15
6853,7,15
6854,7,15
6855,7,15
6856,7,15
6857,6,16
6858,6,16
6859,6,17
6860,6,16
6861,6,16
6862,6,17
6863,6,17
6864,5,18
6865,5,18
6866,5,18
6867,5,18
6868,5,17
6869,5,16
6870,5,16
6871,6,16
6872,6,16
6873,6,16
6874,6,16
6875,6,16
6876,6,16
6877,6,16
6878,6,16
6879,6,16
6880,6,16
6881,5,16
6882,5,16
6883,5,16
6884,5,15
6885,5,15
6886,5,15
6887,6,15
6888,6,16
6889,6,16
6890,6,16
6891,6,16
6892,7,16
6893,7,15
6894,6,16
6895,6,15
6896,6,15
6897,6,15
6898,6,15
6899,6,15
6900,6,15
6901,6,15
6902,6,15
6903,6,15
6904,6,15
6905,6,15
6906,6,15
6907,6,15
6908,6,15
6909,7,15
6910,7,16
6911,7,16
6912,7,16
6913,7,16
6914,7,16
6915,7,16
6916,7,16
6917,7,16
6918,7,16
6919,7,16
6920,7,16
6921,7,15
6922,7,15
6923,7,15
6924,7,15
6925,7,15
6926,7,15
6927,7,14
6928,8,13
6929,8,13
6930,8,13
6931,8,13
6932,8,13
6933,8,13
6934,8,13
6935,8,13
6936,7,13
6937,7,13
6938,7,14
6939,7,13
6940,7,13
6941,7,12
6942,8,12
6943,7,12
6944,8,12
6945,7,12
6946,7,11
6947,7,11
6948,7,11
6949,6,11
6950,6,11
6951,6,11
6952,6,11
6953,6,11
6954,6,12
6955,6,12
6956,6,12
6957,6,12
6958,6,12
6959,6,12
6960,6,11
6961,7,11
6962,7,11
6963,7,11
6964,7,11
6965,7,11
6966,7,11
6967,7,10
6968,7,10
6969,7,10
6970,7,10
6971,7,10
6972,7,10
6973,6,11
6974,6,11
6975,5,11
6976,5,11
6977,5,11
6978,5,12
6979,5,12
6980,5,11
6981,5,12
6982,5,13
6983,5,13
6984,5,13
6985,5,13
6986,5,13
6987,5,13
6988,5,13
6989,5,13
6990,5,13
6991,5,13
6992,5,14
6993,5,14
6994,6,14
6995,5,14
6996,5,14
6997,5,14
6998,5,14
6999,5,14
7000,5,14
7001,5,14
7002,5,14
7003,5,14
7004,5,13
7005,5,13
7006,4,13
7007,4,13
7008,4,13
7009,4,13
7010,4,13
7011,4,13
7012,4,13
7013,4,13
7014,4,14
7015,4,14
7016,4,15
7017,4,14
7018,4,14
7019,4,14
7020,4,14
7021,4,14
7022,4,13
7023,4,13
7024,5,13
7025,5,13
7026,5,13
7027,5,13
7028,5,13
7029,5,12
7030,5,12
7031,5,12
7032,5,12
7033,4,12
7034,4,12
7035,4,11
7036,4,12
7037,5,12
7038,5,12
7039,5,12
7040,5,12
7041,5,12
7042,5,12
7043,5,12
7044,5,12
7045,5,12
7046,5,13
7047,5,13
7048,5,13
7049,5,14
7050,5,14
7051,5,14
7052,5,15
7053,5,15
7054,5,15
7055,6,15
7056,6,14
7057,6,14
7058,6,14
7059,6,14
7060,6,14
7061,6,15
7062,6,15
7063,6,15
7064,5,14
7065,5,14
7066,5,14
7067,4,14
7068,4,14
7069,4,14
7070,3,14
7071,3,14
7072,3,14
7073,3,14
7074,3,13
7075,3,13
7076,3,13
7077,3,13
7078,3,13
7079,3,13
7080,3,13
7081,3,12
7082,4,13
7083,4,13
7084,5,14
7085,5,14
7086,5,15
7087,5,15
7088,5,16
7089,5,16
7090,6,16
7091,6,16
7092,6,16
7093,6,16
7094,6,16
7095,6,16
7096,6,16
7097,6,16
7098,6,16
7099,5,16
7100,5,16
7101,5,15
7102,5,14
7103,5,14
7104,5,14
7105,5,14
7106,5,16
7107,5,16
7108,5,16
7109,4,16
7110,4,16
7111,5,16
7112,5,16
7113,5,17
7114,5,16
7115,5,16
7116,5,16
7117,5,16
7118,5,16
7119,5,16
7120,5,16
7121,5,16
7122,5,16
7123,5,16
7124,5,16
7125,5,15
7126,6,15
7127,6,15
7128,6,15
7129,6,15
7130,6,15
7131,6,16
7132,6,17
7133,6,17
7134,6,17
7135,6,17
7136,6,16
7137,6,16
7138,6,16
7139,6,16
7140,6,16
7141,7,16
7142,7,17
7143,7,17
7144,7,16
7145,7,16
7146,6,16
7147,7,15
7148,8,15
7149,8,15
7150,8,15
7151,8,15
7152,8,15
7153,8,14
7154,8,15
7155,8,15
7156,8,16
7157,8,15
7158,8,14
7159,8,14
7160,8,14
7161,8,13
7162,9,13
7163,9,13
7164,9,13
7165,9,14
7166,8,14
7167,8,14
7168,8,14
7169,8,13
7170,8,12
7171,8,13
7172,8,12
7173,8,11
7174,8,11
7175,8,11
7176,8,11
7177,7,11
7178,7,11
7179,6,11
7180,6,11
7181,7,11
7182,7,11
7183,7,11
7184,7,11
7185,7,11
7186,7,11
7187,7,11
7188,7,11
7189,7,11
7190,8,11
7191,8,10
7192,8,9
7193,8,9
7194,8,9
7195,8,9
7196,8,9
7197,8,9
7198,8,9
7199,8,9
7200,8,10
7201,8,10
7202,8,11
7203,8,11
7204,8,11
7205,8,11
7206,8,11
7207,8,11
7208,8,11
7209,8,11
7210,8,11
7211,8,11
7212,8,12
7213,8,12
7214,7,12
7215,7,12
7216,7,12
7217,7,12
7218,7,12
7219,7,12
7220,7,12
7221,7,11
7222,7,11
7223,7,11
7224,7,11
7225,7,11
7226,7,11
7227,7,11
7228,7,11
7229,7,11
7230,6,11
7231,6,11
7232,6,10
7233,6,11
7234,6,12
7235,6,12
7236,6,11
7237,6,11
7238,6,11
7239,6,12
7240,6,12
7241,6,13
7242,6,13
7243,6,14
7244,6,14
7245,6,14
7246,6,14
7247,6,14
7248,6,14
7249,7,14
7250,7,15
7251,7,15
7252,7,15
7253,7,15
7254,7,15
7255,7,15
7256,7,15
7257,7,13
7258,7,13
7259,7,13
7260,7,14
7261,6,15
7262,6,15
7263,6,15
7264,6,15
7265,6,15
7266,6,15
7267,6,15
7268,6,15
7269,5,15
7270,5,15
7271,5,15
7272,5,15
7273,5,16
7274,6,15
7275,6,14
7276,7,14
7277,7,15
7278,6,15
7279,6,16
7280,6,16
7281,6,16
7282,7,16
7283,7,16
7284,7,16
7285,7,16
7286,7,16
7287,7,16
7288,7,17
7289,6,17
7290,6,17
7291,6,17
7292,5,17
7293,5,17
7294,5,17
7295,5,18
7296,4,19
7297,4,19
7298,4,18
7299,4,18
7300,4,18
7301,5,18
7302,5,18
7303,5,18
7304,5,18
7305,5,17
7306,5,17
7307,6,17
7308,6,17
7309,6,17
7310,6,17
7311,6,17
7312,6,17
7313,6,17
7314,7,17
7315,7,17
7316,7,17
7317,7,16
7318,7,16
7319,7,16
7320,7,16
7321,7,16
7322,7,15
7323,7,16
7324,8,16
7325,8,16
7326,8,16
7327,9,16
7328,9,16
7329,9,16
7330,9,16
7331,9,16
7332,9,16
7333,9,14
7334,10,14
7335,10,15
7336,10,15
7337,10,15
7338,10,15
7339,10,15
7340,10,15
7341,9,16
7342,9,17
7343,9,16
7344,9,17
7345,9,17
7346,8,16
7347,8,16
7348,8,16
7349,8,17
7350,8,17
7351,8,16
7352,8,16
7353,8,16
7354,8,17
7355,8,17
7356,8,17
7357,8,17
7358,8,17
7359,8,16
7360,8,18
7361,8,19
7362,8,19
7363,8,19
7364,8,18
7365,8,18
7366,8,18
7367,7,18
7368,7,18
7369,7,18
7370,8,18
7371,8,18
7372,8,19
7373,8,19
7374,8,17
7375,8,17
7376,8,17
7377,7,18
7378,7,17
7379,8,17
7380,8,17
7381,8,16
7382,8,16
7383,8,16
7384,8,16
7385,8,15
7386,8,15
7387,8,15
7388,8,15
7389,8,16
7390,8,16
7391,8,16
7392,8,16
7393,8,16
7394,8,16
7395,8,16
7396,8,16
7397,8,16
7398,8,14
7399,8,13
7400,8,13
7401,7,12
7402,7,12
7403,7,11
7404,6,11
7405,6,11
7406,6,11
7407,6,11
7408,6,11
7409,6,10
7410,6,10
7411,6,11
7412,6,11
7413,6,12
7414,6,13
7415,6,14
7416,6,14
7417,5,14
7418,4,14
7419,4,14
7420,4,14
7421,4,14
7422,4,14
7423,4,14
7424,4,13
7425,4,14
7426,4,14
7427,4,14
7428,4,16
7429,4,15
7430,4,15
7431,4,15
7432,4,14
7433,4,14
7434,4,15
7435,4,15
7436,4,15
7437,5,14
7438,5,14
7439,5,14
7440,5,15
7441,5,16
7442,5,16
7443,5,16
7444,5,16
7445,5,16
7446,6,16
7447,6,16
7448,6,15
7449,6,16
7450,6,16
7451,6,16
7452,6,16
7453,5,17
7454,5,16
7455,6,16
7456,6,16
7457,6,16
7458,7,16
7459,7,16
7460,7,16
7461,7,16
7462,7,17
7463,7,18
7464,6,18
7465,6,18
7466,6,18
7467,6,18
7468,5,17
7469,4,17
7470,4,16
7471,4,16
7472,4,16
7473,4,16
7474,4,14
7475,4,14
7476,4,14
7477,4,15
7478,4,16
7479,5,16
7480,5,15
7481,5,15
7482,5,15
7483,5,15
7484,5,15
7485,5,15
7486,5,15
7487,5,15
7488,5,15
7489,5,15
7490,5,15
7491,5,15
7492,4,15
7493,4,15
7494,4,15
7495,4,17
7496,4,17
7497,4,17
7498,4,18
7499,4,19
7500,5,19
7501,5,19
7502,5,19
7503,5,19
7504,5,19
7505,5,19
7506,5,19
7507,5,19
7508,5,19
7509,5,18
7510,5,18
7511,5,18
7512,5,18
7513,5,18
7514,5,18
7515,5,18
7516,5,19
7517,5,19
7518,5,19
7519,5,19
7520,5,20
7521,5,20
7522,5,20
7523,4,21
7524,4,22
7525,4,22
7526,4,21
7527,4,20
7528,4,20
7529,3,20
7530,3,22
7531,3,22
7532,3,21
7533,3,20
7534,3,20
7535,3,20
7536,3,20
7537,3,18
7538,3,18
7539,3,18
7540,3,18
7541,3,17
7542,4,18
7543,4,18
7544,4,17
7545,4,16
7546,4,16
7547,4,16
7548,3,16
7549,3,16
7550,3,16
7551,3,16
7552,3,16
7553,3,16
7554,3,16
7555,2,16
7556,2,16
7557,2,16
7558,2,16
7559,2,16
7560,2,16
7561,3,16
7562,4,16
7563,3,17
7564,3,17
7565,3,17
7566,3,17
7567,3,17
7568,3,17
7569,3,17
7570,3,17
7571,3,18
7572,4,18
7573,4,19
7574,4,19
7575,4,20
7576,4,18
7577,5,18
7578,5,18
7579,5,19
7580,5,18
7581,6,18
7582,6,18
7583,6,18
7584,6,19
7585,9,19
7586,9,19
7587,9,19
7588,9,19
7589,9,19
7590,9,19
7591,9,19
7592,9,19
7593,9,19
7594,8,19
7595,7,19
7596,7,20
7597,7,20
7598,8,20
7599,7,20
7600,7,20
7601,7,19
7602,7,18
7603,6,18
7604,6,18
7605,6,18
7606,6,18
7607,6,19
7608,6,20
7609,6,20
7610,6,20
7611,6,20
7612,6,20
7613,6,19
7614,6,19
7615,6,19
7616,6,19
7617,6,20
7618,6,19
7619,5,19
7620,5,19
7621,5,19
7622,5,18
7623,5,19
7624,6,18
7625,5,17
7626,5,16
7627,4,15
7628,4,14
7629,4,13
7630,4,13
7631,4,13
7632,4,13
7633,4,13
7634,4,13
7635,4,13
7636,4,13
7637,4,13
7638,4,13
7639,4,13
7640,4,13
7641,4,13
7642,4,13
7643,4,14
7644,4,14
7645,5,15
7646,6,15
7647,6,14
7648,7,14
7649,7,13
7650,7,13
7651,6,13
7652,6,13
7653,6,13
7654,6,13
7655,6,12
7656,6,12
7657,6,12
7658,6,12
7659,6,11
7660,6,11
7661,6,11
7662,6,11
7663,6,11
7664,6,11
7665,6,11
7666,6,10
7667,6,10
7668,6,9
7669,6,9
7670,6,9
7671,5,8
7672,5,8
7673,5,8
7674,5,8
7675,6,8
7676,6,8
7677,6,8
7678,6,8
7679,6,9
7680,5,9
7681,5,9
7682,5,8
7683,4,8
7684,4,8
7685,4,8
7686,4,8
7687,4,8
7688,4,8
7689,4,8
7690,4,8
7691,4,8
7692,5,8
7693,6,8
7694,6,9
7695,5,8
7696,5,8
7697,5,9
7698,5,10
7699,5,11
7700,4,12
7701,4,13
7702,4,13
7703,4,13
7704,4,13
7705,4,13
7706,4,13
7707,5,13
7708,5,13
7709,6,12
7710,6,12
7711,6,12
7712,6,12
7713,6,12
7714,6,12
7715,7,12
7716,7,12
7717,7,11
7718,7,11
7719,7,12
7720,7,11
7721,7,10
7722,7,11
7723,8,11
7724,8,11
7725,8,11
7726,9,11
7727,9,11
7728,9,11
7729,9,11
7730,9,11
7731,8,11
7732,8,11
7733,7,11
7734,8,12
7735,8,11
7736,8,11
7737,8,11
7738,8,11
7739,8,11
7740,8,11
7741,8,12
7742,8,12
7743,8,12
7744,8,12
7745,9,12
7746,9,11
7747,9,12
7748,9,13
7749,9,13
7750,8,13
7751,8,13
7752,8,14
7753,8,14
7754,8,14
7755,8,14
7756,8,15
7757,8,16
7758,8,17
7759,8,18
7760,8,18
7761,8,20
7762,8,20
7763,8,21
7764,8,21
7765,8,21
7766,8,21
7767,8,19
7768,8,19
7769,8,19
7770,8,19
7771,8,19
7772,8,16
7773,8,16
7774,8,16
7775,8,16
7776,8,16
7777,8,16
7778,9,16
7779,9,16
7780,9,17
7781,8,17
7782,8,16
7783,9,17
7784,9,17
7785,9,16
7786,9,15
7787,9,15
7788,9,16
7789,9,16
7790,9,16
7791,9,16
7792,9,16
7793,9,17
7794,9,17
7795,9,16
7796,9,17
7797,10,17
7798,11,17
7799,11,16
7800,11,16
7801,11,16
7802,11,16
7803,11,16
7804,11,15
7805,11,15
7806,11,15
7807,11,14
7808,11,13
7809,11,13
7810,11,11
7811,11,12
7812,11,12
7813,11,11
7814,10,12
7815,10,12
7816,10,12
7817,10,11
7818,9,11
7819,9,10
7820,9,11
7821,11,11
7822,11,13
7823,12,13
7824,12,13
7825,12,14
7826,12,14
7827,12,14
7828,12,14
7829,12,14
7830,11,14
7831,11,14
7832,11,14
7833,11,14
7834,11,14
7835,11,14
7836,11,14
7837,11,14
7838,11,14
7839,11,14
7840,10,14
7841,10,14
7842,10,14
7843,10,14
7844,10,14
7845,10,14
7846,10,14
7847,9,14
7848,9,14
7849,9,13
7850,9,12
7851,9,12
7852,9,13
7853,8,13
7854,8,13
7855,8,13
7856,9,13
7857,8,13
7858,8,13
7859,8,13
7860,9,13
7861,9,13
7862,10,13
7863,11,13
7864,11,13
7865,11,13
7866,11,14
7867,12,14
7868,12,14
7869,12,15
7870,12,15
7871,12,15
7872,11,14
7873,11,15
7874,11,15
7875,10,15
7876,10,15
7877,10,15
7878,12,14
7879,12,13
7880,12,13
7881,12,13
7882,12,13
7883,12,13
7884,12,12
7885,12,12
7886,12,12
7887,12,12
7888,12,12
7889,12,12
7890,11,12
7891,11,12
7892,11,11
7893,12,11
7894,13,12
7895,13,12
7896,12,13
7897,12,13
7898,12,13
7899,12,13
7900,12,13
7901,11,13
7902,12,12
7903,12,12
7904,13,12
7905,13,12
7906,13,12
7907,12,11
7908,12,11
7909,12,11
7910,12,11
7911,13,12
7912,14,12
7913,14,12
7914,15,12
7915,15,12
7916,15,12
7917,16,12
7918,15,12
7919,15,13
7920,15,13
7921,15,14
7922,15,14
7923,14,15
7924,14,15
7925,14,15
7926,14,15
7927,14,15
7928,13,14
7929,13,14
7930,14,14
7931,14,14
7932,14,15
7933,14,15
7934,14,15
7935,13,15
7936,13,15
7937,13,14
7938,13,14
7939,13,14
7940,13,14
7941,13,14
7942,13,14
7943,14,13
7944,14,12
7945,13,12
7946,13,12
7947,12,12
7948,13,11
7949,13,11
7950,13,11
7951,13,11
7952,14,11
7953,13,11
7954,13,11
7955,13,11
7956,13,11
7957,12,10
7958,11,10
7959,11,11
7960,12,11
7961,12,11
7962,12,11
7963,12,11
7964,13,11
7965,12,11
7966,12,11
7967,12,12
7968,12,13
7969,12,13
7970,12,10
7971,12,10
7972,12,11
7973,12,12
7974,12,11
7975,12,11
7976,12,11
7977,12,11
7978,12,11
7979,13,11
7980,12,11
7981,12,11
7982,12,12
7983,12,11
7984,12,10
7985,13,10
7986,13,9
7987,13,7
7988,13,7
7989,13,7
7990,14,7
7991,14,7
7992,14,7
7993,14,6
7994,13,6
7995,13,6
7996,13,7
7997,13,7
7998,13,7
7999,13,6
8000,13,6
8001,14,6
8002,14,6
8003,13,6
8004,12,7
8005,11,7
8006,11,7
8007,11,7
8008,11,8
8009,11,9
8010,11,9
8011,11,9
8012,11,9
8013,11,9
8014,12,9
8015,12,8
8016,12,8
8017,12,8
8018,12,8
8019,13,7
8020,12,7
8021,13,7
8022,13,7
8023,13,7
8024,12,7
8025,12,7
8026,12,8
8027,12,8
8028,12,8
8029,13,8
8030,12,9
8031,12,10
8032,11,10
8033,11,8
8034,11,9
8035,11,9
8036,11,10
8037,12,10
8038,11,10
8039,11,10
8040,10,10
8041,9,10
8042,9,11
8043,9,11
8044,8,11
8045,8,11
8046,8,11
8047,8,11
8048,7,11
8049,7,11
8050,6,13
8051,6,13
8052,5,14
8053,5,15
8054,5,15
8055,5,15
8056,5,16
8057,5,16
8058,5,16
8059,5,16
8060,5,16
8061,5,16
8062,5,16
8063,5,16
8064,5,16
8065,5,15
8066,5,15
8067,5,15
8068,5,15
8069,5,15
8070,5,15
8071,5,15
8072,5,15
8073,5,15
8074,5,15
8075,5,14
8076,5,14
8077,5,14
8078,5,14
8079,5,14
8080,5,14
8081,5,14
8082,5,14
8083,5,15
8084,5,16
8085,5,16
8086,5,16
8087,5,17
8088,5,15
8089,4,14
8090,5,14
8091,5,15
8092,5,15
8093,5,15
8094,5,15
8095,5,15
8096,5,16
8097,5,16
8098,5,16
8099,5,16
8100,5,16
8101,5,16
8102,5,15
8103,5,15
8104,5,15
8105,5,15
8106,4,15
8107,4,15
8108,4,15
8109,3,14
8110,3,14
8111,3,14
8112,3,14
8113,3,14
8114,3,15
8115,3,15
8116,3,15
8117,3,16
8118,3,16
8119,3,16
8120,3,14
8121,3,13
8122,3,13
8123,3,13
8124,3,13
8125,3,13
8126,3,13
8127,3,13
8128,4,13
8129,4,13
8130,4,13
8131,4,12
8132,4,13
8133,4,13
8134,4,13
8135,4,13
8136,4,13
8137,4,14
8138,4,14
8139,5,14
8140,5,14
8141,5,14
8142,5,14
8143,5,14
8144,5,14
8145,5,15
8146,5,15
8147,5,15
8148,5,17
8149,5,17
8150,5,17
8151,5,12
8152,5,12
8153,5,13
8154,5,12
8155,4,12
8156,4,12
8157,4,12
8158,5,12
8159,4,12
8160,5,12
8161,5,13
8162,5,13
8163,5,14
8164,5,14
8165,5,15
8166,5,15
8167,5,15
8168,5,15
8169,5,15
8170,5,15
8171,5,15
8172,5,15
8173,5,15
8174,5,17
8175,4,17
8176,4,17
8177,4,15
8178,5,15
8179,5,14
8180,5,14
8181,5,14
8182,5,14
8183,5,14
8184,5,14
8185,5,14
8186,5,14
8187,5,14
8188,6,15
8189,6,15
8190,6,15
8191,3,14
8192,3,14
8193,3,14
8194,3,14
8195,3,14
8196,3,14
8197,4,14
8198,4,14
8199,4,13
8200,4,13
8201,4,13
8202,5,13
8203,5,13
8204,5,12
8205,5,12
8206,5,13
8207,6,13
8208,6,13
8209,6,13
8210,7,13
8211,6,13
8212,6,13
8213,6,13
8214,6,13
8215,6,13
8216,6,13
8217,6,14
8218,6,13
8219,6,13
8220,6,13
8221,6,12
8222,6,12
8223,6,12
8224,6,12
8225,6,12
8226,6,11
8227,5,11
8228,5,11
8229,5,11
8230,5,11
8231,5,11
8232,5,12
8233,6,12
8234,6,12
8235,6,13
8236,6,14
8237,6,14
8238,6,14
8239,6,15
8240,6,15
8241,6,15
8242,6,15
8243,5,15
8244,5,15
8245,5,15
8246,5,15
8247,5,15
8248,5,15
8249,5,14
8250,5,13
8251,5,13
8252,5,13
8253,5,13
8254,5,13
8255,5,14
8256,5,14
8257,5,14
8258,4,14
8259,4,14
8260,4,14
8261,4,14
8262,4,13
8263,4,13
8264,4,13
8265,4,13
8266,4,13
8267,4,13
8268,4,13
8269,4,12
8270,4,12
8271,4,12
8272,4,12
8273,4,12
8274,4,12
8275,4,13
8276,3,13
8277,3,13
8278,4,13
8279,3,13
8280,4,13
8281,4,13
8282,4,13
8283,4,13
8284,4,14
8285,4,14
8286,4,13
8287,4,13
8288,4,13
8289,4,13
8290,5,13
8291,5,13
8292,5,13
8293,5,12
8294,6,11
8295,6,11
8296,6,11
8297,7,11
8298,7,11
8299,7,12
8300,8,12
8301,7,10
8302,7,10
8303,7,10
8304,7,10
8305,7,10
8306,7,7
8307,6,6
8308,6,6
8309,6,6
8310,6,6
8311,5,6
8312,5,6
8313,5,6
8314,5,6
8315,5,6
8316,5,6
8317,5,7
8318,5,7
8319,5,7
8320,5,8
8321,5,8
8322,5,8
8323,5,7
8324,4,6
8325,4,6
8326,4,6
8327,4,5
8328,4,5
8329,4,5
8330,4,5
8331,4,5
8332,4,5
8333,4,5
8334,4,5
8335,4,6
8336,4,6
8337,4,6
8338,4,6
8339,4,6
8340,4,6
8341,4,6
8342,4,6
8343,4,6
8344,4,6
8345,4,6
8346,4,6
8347,4,6
8348,5,6
8349,5,7
8350,5,6
8351,5,6
8352,5,6
8353,5,6
8354,5,6
8355,5,6
8356,6,6
8357,6,6
8358,6,6
8359,6,6
8360,6,6
8361,6,6
8362,6,6
8363,6,7
8364,6,8
8365,6,8
8366,6,7
8367,6,7
8368,6,7
8369,6,7
8370,6,7
8371,6,7
8372,6,7
8373,6,7
8374,6,7
8375,6,7
8376,6,7
8377,6,8
8378,6,9
8379,6,9
8380,7,10
8381,7,10
8382,7,10
8383,6,9
8384,6,7
8385,5,8
8386,5,8
8387,5,8
8388,5,8
8389,5,8
8390,5,8
8391,6,8
8392,6,8
8393,6,8
8394,5,8
8395,5,8
8396,5,8
8397,5,8
8398,4,8
8399,4,7
8400,4,7
8401,4,7
8402,4,7
8403,4,7
8404,4,7
8405,4,7
8406,4,7
8407,3,8
8408,4,8
8409,4,6
8410,4,6
8411,4,6
8412,4,6
8413,4,5
8414,5,5
8415,5,5
8416,5,5
8417,6,5
8418,6,5
8419,6,5
8420,6,5
8421,6,5
8422,6,5
8423,6,5
8424,6,5
8425,6,5
8426,6,4
8427,6,4
8428,6,5
8429,6,5
8430,7,5
8431,7,5
8432,7,5
8433,7,5
8434,7,5
8435,7,6
8436,7,7
8437,7,8
8438,7,8
8439,7,8
8440,7,8
8441,7,9
8442,7,10
8443,6,9
8444,6,9
8445,6,9
8446,6,9
8447,6,9
8448,6,9
8449,6,9
8450,6,10
8451,5,10
8452,5,10
8453,4,10
8454,5,10
8455,5,11
8456,4,11
8457,4,11
8458,5,12
8459,5,12
8460,5,12
8461,5,12
8462,5,12
8463,5,12
8464,5,12
8465,5,11
8466,5,12
8467,4,13
8468,4,13
8469,4,13
8470,4,13
8471,4,13
8472,4,12
8473,4,13
8474,5,14
8475,5,14
8476,5,14
8477,5,15
8478,5,15
8479,5,15
8480,5,14
8481,6,14
8482,6,14
8483,6,14
8484,6,14
8485,6,14
8486,7,14
8487,7,13
8488,6,14
8489,6,14
8490,6,14
8491,6,15
8492,6,15
8493,6,15
8494,6,15
8495,6,15
8496,6,14
8497,6,14
8498,6,14
8499,6,14
8500,7,14
8501,7,13
8502,7,13
8503,7,13
8504,7,13
8505,7,13
8506,7,13
8507,7,13
8508,7,13
8509,7,13
8510,7,13
8511,6,13
8512,6,14
8513,6,14
8514,6,14
8515,6,14
8516,6,14
8517,6,14
8518,7,14
8519,7,13
8520,7,13
8521,8,14
8522,8,14
8523,8,15
8524,8,15
8525,8,15
8526,8,15
8527,8,15
8528,8,15
8529,8,15
8530,8,14
8531,8,14
8532,8,14
8533,7,14
8534,7,16
8535,7,15
8536,7,16
8537,6,16
8538,6,16
8539,6,17
8540,6,17
8541,6,17
8542,6,18
8543,6,19
8544,6,19
8545,6,20
8546,6,22
8547,6,22
8548,5,22
8549,5,22
8550,5,22
8551,6,22
8552,6,22
8553,6,22
8554,6,22
8555,6,22
8556,6,22
8557,6,22
8558,6,21
8559,6,21
8560,6,21
8561,6,21
8562,6,21
8563,6,21
8564,6,21
8565,6,21
8566,6,20
8567,6,20
8568,6,18
8569,6,18
8570,6,17
8571,6,17
8572,6,18
8573,7,18
8574,7,18
8575,7,17
8576,7,17
8577,7,16
8578,6,16
8579,6,16
8580,6,16
8581,6,16
8582,6,16
8583,6,16
8584,6,15
8585,5,15
8586,5,14
8587,5,14
8588,5,14
8589,5,14
8590,5,13
8591,5,13
8592,5,13
8593,5,13
8594,5,13
8595,5,14
8596,5,14
8597,5,15
8598,5,15
8599,5,15
8600,5,15
8601,5,15
8602,5,15
8603,5,15
8604,5,15
8605,5,15
8606,5,15
8607,5,15
8608,5,16
8609,5,15
8610,5,15
8611,5,15
8612,4,15
8613,4,16
8614,4,16
8615,4,16
8616,4,16
8617,4,16
8618,4,16
8619,4,16
8620,4,15
8621,4,15
8622,4,16
8623,4,16
8624,4,16
8625,4,15
8626,5,15
8627,5,15
8628,5,15
8629,5,15
8630,5,15
8631,5,16
8632,5,15
8633,5,14
8634,5,13
8635,5,13
8636,5,13
8637,4,13
8638,4,13
8639,4,13
8640,4,14
8641,4,14
8642,4,14
8643,5,14
8644,5,14
8645,5,14
8646,4,13
8647,4,13
8648,5,13
8649,5,13
8650,6,13
8651,5,13
8652,5,13
8653,5,13
8654,5,12
8655,5,12
8656,5,12
8657,5,12
8658,4,12
8659,4,13
8660,4,13
8661,4,13
8662,4,14
8663,4,14
8664,4,14
8665,4,14
8666,3,14
8667,3,14
8668,3,14
8669,3,14
8670,3,14
8671,3,15
8672,3,14
8673,3,14
8674,3,14
8675,3,14
8676,3,14
8677,3,14
8678,3,13
8679,3,13
8680,3,13
8681,3,13
8682,3,13
8683,3,13
8684,3,13
8685,3,14
8686,3,15
8687,3,15
8688,3,15
8689,3,15
8690,3,15
8691,3,15
8692,3,15
8693,3,14
8694,3,14
8695,3,14
8696,3,14
8697,3,14
8698,3,14
8699,3,14
8700,3,15
8701,3,14
8702,3,13
8703,3,13
8704,3,13
8705,3,12
8706,3,12
8707,3,13
8708,3,13
8709,3,13
8710,3,14
8711,3,14
8712,3,14
8713,3,13
8714,3,13
8715,3,13
8716,3,13
8717,3,13
8718,3,12
8719,3,12
8720,3,12
8721,3,12
8722,4,12
8723,4,12
8724,4,12
8725,4,12
8726,4,12
8727,4,12
8728,5,12
8729,5,11
8730,5,11
8731,5,11
8732,5,11
8733,4,10
8734,3,10
8735,3,10
8736,3,10
8737,3,10
8738,3,10
8739,3,10
8740,3,10
8741,3,10
8742,3,10
8743,3,10
8744,3,9
8745,3,9
8746,3,9
8747,3,10
8748,3,10
8749,3,10
8750,3,10
8751,3,10
8752,3,10
8753,4,10
8754,4,10
8755,5,9
8756,5,10
8757,5,10
8758,5,12
8759,5,12
8760,6,12
