"hour","h"
1,1
2,1
3,1
4,1
5,1
6,1
7,1
8,1
9,1
10,1
11,1
12,1
13,1
14,1
15,1
16,2
17,2
18,2
19,2
20,2
21,2
22,2
23,2
24,2
25,2
26,3
27,3
28,3
29,4
30,4
31,5
32,5
33,5
34,5
35,5
36,5
37,5
38,5
39,5
40,5
41,5
42,5
43,5
44,5
45,5
46,5
47,5
48,5
49,5
50,5
51,5
52,5
53,5
54,5
55,5
56,5
57,5
58,5
59,5
60,5
61,5
62,5
63,5
64,5
65,5
66,5
67,5
68,5
69,5
70,5
71,5
72,5
73,5
74,5
75,5
76,5
77,4
78,4
79,4
80,4
81,4
82,4
83,4
84,4
85,4
86,3
87,3
88,3
89,3
90,3
91,3
92,3
93,3
94,3
95,4
96,4
97,5
98,5
99,5
100,5
101,5
102,5
103,5
104,5
105,5
106,5
107,5
108,5
109,5
110,6
111,6
112,6
113,6
114,6
115,6
116,7
117,7
118,7
119,7
120,7
121,7
122,8
123,8
124,7
125,7
126,6
127,6
128,6
129,6
130,6
131,5
132,5
133,5
134,5
135,5
136,5
137,5
138,6
139,6
140,6
141,6
142,6
143,6
144,6
145,6
146,6
147,7
148,7
149,7
150,7
151,7
152,7
153,6
154,6
155,6
156,6
157,6
158,6
159,6
160,5
161,5
162,5
163,5
164,5
165,4
166,4
167,4
168,4
169,4
170,4
171,4
172,5
173,5
174,5
175,5
176,5
177,5
178,5
179,5
180,5
181,5
182,5
183,5
184,5
185,6
186,6
187,6
188,7
189,7
190,7
191,7
192,7
193,7
194,5
195,5
196,5
197,6
198,6
199,6
200,6
201,6
202,6
203,6
204,6
205,6
206,6
207,6
208,6
209,6
210,6
211,5
212,5
213,5
214,5
215,5
216,5
217,4
218,4
219,4
220,4
221,4
222,4
223,4
224,4
225,4
226,4
227,4
228,4
229,4
230,4
231,4
232,4
233,4
234,4
235,5
236,5
237,6
238,5
239,5
240,5
241,5
242,5
243,5
244,5
245,5
246,4
247,4
248,4
249,4
250,4
251,4
252,4
253,4
254,5
255,5
256,5
257,5
258,5
259,5
260,5
261,5
262,5
263,4
264,4
265,3
266,2
267,2
268,2
269,2
270,2
271,2
272,2
273,2
274,1
275,1
276,1
277,1
278,1
279,1
280,1
281,1
282,1
283,1
284,1
285,2
286,2
287,2
288,2
289,2
290,2
291,2
292,2
293,2
294,2
295,2
296,2
297,2
298,2
299,2
300,2
301,2
302,2
303,2
304,2
305,2
306,2
307,2
308,2
309,2
310,2
311,2
312,2
313,2
314,2
315,2
316,2
317,2
318,2
319,2
320,2
321,2
322,2
323,2
324,2
325,2
326,2
327,2
328,2
329,2
330,2
331,2
332,2
333,2
334,3
335,3
336,3
337,4
338,4
339,4
340,4
341,4
342,4
343,5
344,5
345,5
346,5
347,5
348,5
349,6
350,6
351,6
352,6
353,6
354,6
355,6
356,5
357,4
358,4
359,4
360,4
361,4
362,4
363,4
364,4
365,4
366,4
367,4
368,4
369,4
370,4
371,4
372,4
373,4
374,4
375,4
376,5
377,5
378,5
379,5
380,5
381,5
382,5
383,5
384,5
385,5
386,5
387,5
388,5
389,6
390,6
391,6
392,7
393,7
394,7
395,8
396,8
397,8
398,8
399,8
400,8
401,8
402,8
403,7
404,7
405,7
406,7
407,7
408,7
409,7
410,7
411,7
412,7
413,7
414,7
415,7
416,7
417,7
418,7
419,7
420,7
421,7
422,7
423,6
424,7
425,7
426,7
427,7
428,8
429,8
430,8
431,8
432,8
433,8
434,8
435,8
436,8
437,8
438,8
439,8
440,9
441,9
442,9
443,9
444,9
445,9
446,9
447,8
448,8
449,8
450,8
451,8
452,8
453,8
454,8
455,8
456,8
457,9
458,9
459,8
460,8
461,8
462,8
463,8
464,8
465,7
466,8
467,8
468,8
469,8
470,9
471,9
472,9
473,9
474,9
475,9
476,9
477,9
478,8
479,8
480,8
481,8
482,7
483,7
484,6
485,6
486,6
487,6
488,6
489,6
490,6
491,6
492,6
493,6
494,6
495,7
496,7
497,7
498,7
499,7
500,8
501,9
502,8
503,8
504,8
505,8
506,10
507,9
508,9
509,8
510,8
511,8
512,8
513,7
514,7
515,7
516,8
517,8
518,7
519,7
520,7
521,7
522,7
523,7
524,7
525,8
526,8
527,7
528,7
529,7
530,8
531,8
532,8
533,8
534,8
535,8
536,8
537,9
538,9
539,9
540,9
541,9
542,9
543,9
544,9
545,9
546,9
547,9
548,9
549,9
550,9
551,9
552,10
553,10
554,10
555,9
556,10
557,9
558,9
559,9
560,9
561,9
562,9
563,9
564,9
565,9
566,9
567,9
568,9
569,9
570,9
571,9
572,9
573,9
574,9
575,9
576,8
577,8
578,8
579,8
580,8
581,8
582,8
583,8
584,8
585,8
586,8
587,8
588,8
589,8
590,8
591,8
592,8
593,8
594,8
595,8
596,8
597,8
598,8
599,8
600,8
601,8
602,8
603,8
604,8
605,8
606,8
607,8
608,8
609,9
610,8
611,8
612,8
613,8
614,8
615,8
616,8
617,8
618,8
619,8
620,8
621,8
622,8
623,8
624,8
625,8
626,8
627,8
628,9
629,9
630,9
631,9
632,9
633,8
634,8
635,8
636,8
637,8
638,9
639,10
640,10
641,10
642,10
643,10
644,9
645,9
646,10
647,10
648,10
649,10
650,11
651,11
652,11
653,11
654,11
655,11
656,11
657,11
658,11
659,11
660,10
661,10
662,10
663,10
664,10
665,10
666,10
667,10
668,9
669,9
670,9
671,9
672,9
673,9
674,9
675,9
676,9
677,9
678,9
679,9
680,9
681,9
682,8
683,8
684,8
685,8
686,8
687,8
688,8
689,8
690,8
691,8
692,8
693,7
694,7
695,7
696,7
697,6
698,7
699,7
700,7
701,7
702,7
703,8
704,7
705,7
706,7
707,8
708,8
709,8
710,8
711,8
712,8
713,8
714,8
715,8
716,8
717,8
718,8
719,8
720,8
721,8
722,8
723,8
724,8
725,8
726,8
727,8
728,8
729,8
730,8
731,8
732,8
733,8
734,7
735,7
736,7
737,8
738,8
739,8
740,8
741,7
742,7
743,7
744,6
745,5
746,6
747,6
748,6
749,6
750,6
751,6
752,6
753,6
754,6
755,6
756,6
757,6
758,6
759,6
760,6
761,5
762,5
763,5
764,5
765,5
766,5
767,5
768,5
769,5
770,5
771,5
772,4
773,3
774,3
775,3
776,3
777,3
778,3
779,3
780,3
781,3
782,3
783,3
784,3
785,3
786,3
787,3
788,3
789,3
790,3
791,3
792,3
793,4
794,4
795,4
796,4
797,4
798,4
799,4
800,4
801,4
802,4
803,4
804,4
805,4
806,4
807,4
808,4
809,4
810,4
811,4
812,4
813,4
814,4
815,3
816,3
817,3
818,3
819,3
820,3
821,3
822,3
823,3
824,2
825,2
826,2
827,2
828,2
829,2
830,2
831,2
832,2
833,3
834,3
835,3
836,3
837,3
838,3
839,3
840,3
841,4
842,4
843,4
844,4
845,4
846,4
847,4
848,4
849,5
850,5
851,5
852,5
853,6
854,6
855,6
856,6
857,6
858,6
859,6
860,6
861,6
862,5
863,6
864,6
865,6
866,6
867,6
868,6
869,6
870,6
871,6
872,6
873,6
874,6
875,6
876,6
877,6
878,5
879,5
880,5
881,4
882,4
883,4
884,4
885,4
886,3
887,3
888,3
889,3
890,3
891,3
892,3
893,3
894,3
895,3
896,3
897,4
898,4
899,4
900,4
901,4
902,4
903,4
904,4
905,4
906,4
907,4
908,4
909,4
910,4
911,5
912,5
913,5
914,5
915,6
916,6
917,5
918,5
919,5
920,5
921,5
922,5
923,4
924,4
925,4
926,4
927,3
928,3
929,3
930,3
931,4
932,4
933,4
934,4
935,4
936,4
937,4
938,4
939,3
940,3
941,4
942,4
943,4
944,4
945,4
946,4
947,4
948,4
949,4
950,4
951,4
952,4
953,4
954,4
955,4
956,4
957,4
958,4
959,4
960,3
961,2
962,3
963,3
964,3
965,3
966,3
967,3
968,3
969,3
970,3
971,3
972,3
973,3
974,3
975,3
976,3
977,3
978,3
979,3
980,2
981,2
982,2
983,2
984,3
985,3
986,3
987,3
988,3
989,3
990,3
991,3
992,3
993,3
994,3
995,3
996,4
997,4
998,4
999,4
1000,4
1001,4
1002,4
1003,4
1004,4
1005,4
1006,4
1007,4
1008,5
1009,5
1010,5
1011,5
1012,5
1013,4
1014,4
1015,4
1016,4
1017,4
1018,4
1019,4
1020,4
1021,3
1022,3
1023,3
1024,3
1025,3
1026,3
1027,3
1028,4
1029,4
1030,4
1031,3
1032,3
1033,3
1034,3
1035,3
1036,3
1037,3
1038,3
1039,3
1040,3
1041,3
1042,3
1043,3
1044,3
1045,3
1046,3
1047,3
1048,3
1049,3
1050,2
1051,2
1052,2
1053,3
1054,4
1055,4
1056,4
1057,5
1058,5
1059,5
1060,5
1061,5
1062,5
1063,6
1064,5
1065,4
1066,4
1067,4
1068,4
1069,4
1070,4
1071,5
1072,5
1073,5
1074,4
1075,4
1076,4
1077,5
1078,5
1079,5
1080,5
1081,5
1082,6
1083,6
1084,7
1085,7
1086,7
1087,7
1088,7
1089,7
1090,7
1091,7
1092,7
1093,6
1094,6
1095,6
1096,6
1097,6
1098,6
1099,6
1100,6
1101,6
1102,6
1103,6
1104,6
1105,6
1106,6
1107,6
1108,6
1109,6
1110,6
1111,6
1112,6
1113,6
1114,7
1115,7
1116,7
1117,7
1118,7
1119,7
1120,7
1121,7
1122,7
1123,6
1124,6
1125,6
1126,6
1127,5
1128,5
1129,5
1130,5
1131,5
1132,5
1133,5
1134,5
1135,5
1136,5
1137,6
1138,6
1139,6
1140,7
1141,7
1142,7
1143,7
1144,7
1145,7
1146,7
1147,7
1148,7
1149,6
1150,6
1151,6
1152,6
1153,6
1154,7
1155,7
1156,7
1157,7
1158,7
1159,7
1160,6
1161,6
1162,6
1163,7
1164,7
1165,7
1166,7
1167,7
1168,7
1169,7
1170,7
1171,7
1172,7
1173,7
1174,7
1175,7
1176,7
1177,7
1178,7
1179,7
1180,7
1181,7
1182,7
1183,7
1184,7
1185,7
1186,6
1187,6
1188,6
1189,6
1190,6
1191,6
1192,6
1193,6
1194,6
1195,7
1196,7
1197,7
1198,8
1199,8
1200,8
1201,8
1202,8
1203,8
1204,8
1205,8
1206,8
1207,8
1208,8
1209,8
1210,8
1211,8
1212,7
1213,7
1214,7
1215,6
1216,6
1217,7
1218,7
1219,7
1220,7
1221,7
1222,7
1223,7
1224,7
1225,7
1226,7
1227,7
1228,7
1229,7
1230,7
1231,7
1232,7
1233,7
1234,7
1235,7
1236,7
1237,7
1238,7
1239,7
1240,7
1241,7
1242,7
1243,7
1244,7
1245,7
1246,7
1247,7
1248,7
1249,7
1250,7
1251,7
1252,7
1253,8
1254,8
1255,8
1256,8
1257,8
1258,8
1259,8
1260,8
1261,9
1262,9
1263,9
1264,9
1265,8
1266,7
1267,7
1268,7
1269,7
1270,8
1271,8
1272,9
1273,9
1274,9
1275,9
1276,9
1277,9
1278,8
1279,8
1280,8
1281,8
1282,8
1283,7
1284,6
1285,6
1286,6
1287,6
1288,6
1289,6
1290,6
1291,7
1292,7
1293,7
1294,7
1295,7
1296,7
1297,7
1298,7
1299,7
1300,7
1301,7
1302,7
1303,7
1304,7
1305,5
1306,5
1307,5
1308,5
1309,5
1310,5
1311,5
1312,5
1313,5
1314,6
1315,6
1316,5
1317,5
1318,5
1319,5
1320,5
1321,5
1322,5
1323,5
1324,5
1325,5
1326,6
1327,6
1328,6
1329,6
1330,6
1331,6
1332,6
1333,6
1334,6
1335,6
1336,6
1337,6
1338,6
1339,6
1340,6
1341,7
1342,7
1343,7
1344,6
1345,6
1346,6
1347,6
1348,6
1349,6
1350,5
1351,5
1352,5
1353,5
1354,5
1355,5
1356,5
1357,5
1358,4
1359,4
1360,4
1361,4
1362,4
1363,5
1364,5
1365,5
1366,5
1367,5
1368,5
1369,5
1370,5
1371,5
1372,5
1373,5
1374,5
1375,5
1376,5
1377,5
1378,5
1379,5
1380,5
1381,5
1382,5
1383,5
1384,5
1385,5
1386,5
1387,5
1388,5
1389,5
1390,5
1391,5
1392,5
1393,5
1394,5
1395,5
1396,5
1397,5
1398,4
1399,4
1400,4
1401,5
1402,5
1403,5
1404,5
1405,5
1406,5
1407,5
1408,5
1409,5
1410,6
1411,6
1412,6
1413,7
1414,7
1415,7
1416,7
1417,7
1418,7
1419,7
1420,7
1421,7
1422,7
1423,7
1424,7
1425,7
1426,7
1427,7
1428,7
1429,7
1430,7
1431,6
1432,6
1433,6
1434,6
1435,6
1436,5
1437,5
1438,5
1439,5
1440,5
1441,5
1442,6
1443,6
1444,6
1445,6
1446,6
1447,6
1448,6
1449,7
1450,7
1451,7
1452,6
1453,6
1454,6
1455,6
1456,6
1457,6
1458,6
1459,6
1460,6
1461,6
1462,6
1463,6
1464,6
1465,6
1466,6
1467,6
1468,6
1469,6
1470,6
1471,6
1472,6
1473,6
1474,6
1475,6
1476,7
1477,7
1478,7
1479,7
1480,7
1481,7
1482,7
1483,7
1484,6
1485,7
1486,7
1487,7
1488,7
1489,8
1490,8
1491,8
1492,8
1493,8
1494,8
1495,9
1496,9
1497,9
1498,9
1499,9
1500,9
1501,9
1502,9
1503,9
1504,9
1505,10
1506,10
1507,9
1508,9
1509,9
1510,9
1511,9
1512,8
1513,8
1514,8
1515,8
1516,7
1517,7
1518,8
1519,8
1520,7
1521,7
1522,7
1523,7
1524,7
1525,7
1526,7
1527,7
1528,7
1529,7
1530,7
1531,6
1532,6
1533,6
1534,6
1535,6
1536,6
1537,6
1538,6
1539,6
1540,6
1541,6
1542,6
1543,6
1544,6
1545,6
1546,6
1547,6
1548,7
1549,7
1550,6
1551,6
1552,6
1553,6
1554,6
1555,6
1556,6
1557,7
1558,7
1559,6
1560,6
1561,6
1562,6
1563,5
1564,5
1565,5
1566,5
1567,5
1568,5
1569,5
1570,5
1571,5
1572,5
1573,5
1574,5
1575,5
1576,5
1577,5
1578,5
1579,5
1580,6
1581,6
1582,6
1583,5
1584,5
1585,6
1586,6
1587,5
1588,6
1589,6
1590,6
1591,6
1592,6
1593,6
1594,6
1595,6
1596,6
1597,6
1598,6
1599,6
1600,6
1601,6
1602,6
1603,6
1604,6
1605,6
1606,6
1607,6
1608,7
1609,7
1610,7
1611,7
1612,7
1613,8
1614,8
1615,8
1616,8
1617,8
1618,8
1619,8
1620,9
1621,9
1622,9
1623,8
1624,8
1625,8
1626,9
1627,9
1628,9
1629,9
1630,8
1631,8
1632,8
1633,8
1634,8
1635,8
1636,8
1637,8
1638,8
1639,8
1640,9
1641,9
1642,10
1643,10
1644,10
1645,10
1646,10
1647,10
1648,10
1649,10
1650,9
1651,8
1652,8
1653,9
1654,9
1655,9
1656,9
1657,9
1658,9
1659,9
1660,9
1661,9
1662,9
1663,9
1664,9
1665,10
1666,10
1667,10
1668,11
1669,11
1670,11
1671,11
1672,11
1673,11
1674,11
1675,11
1676,10
1677,10
1678,10
1679,10
1680,10
1681,11
1682,11
1683,11
1684,11
1685,10
1686,9
1687,9
1688,9
1689,10
1690,9
1691,8
1692,9
1693,8
1694,8
1695,8
1696,8
1697,8
1698,8
1699,8
1700,9
1701,9
1702,10
1703,10
1704,10
1705,10
1706,11
1707,11
1708,12
1709,12
1710,12
1711,13
1712,14
1713,14
1714,14
1715,14
1716,14
1717,14
1718,13
1719,12
1720,12
1721,11
1722,11
1723,11
1724,12
1725,13
1726,14
1727,14
1728,14
1729,13
1730,13
1731,13
1732,12
1733,12
1734,13
1735,13
1736,13
1737,14
1738,14
1739,14
1740,14
1741,14
1742,14
1743,14
1744,14
1745,14
1746,14
1747,14
1748,14
1749,14
1750,14
1751,15
1752,14
1753,13
1754,13
1755,12
1756,13
1757,13
1758,13
1759,13
1760,13
1761,12
1762,12
1763,12
1764,12
1765,12
1766,12
1767,12
1768,12
1769,12
1770,12
1771,12
1772,13
1773,13
1774,13
1775,14
1776,14
1777,14
1778,14
1779,14
1780,14
1781,14
1782,14
1783,14
1784,13
1785,12
1786,13
1787,13
1788,14
1789,14
1790,14
1791,14
1792,14
1793,15
1794,15
1795,14
1796,13
1797,13
1798,13
1799,14
1800,14
1801,15
1802,15
1803,15
1804,15
1805,15
1806,15
1807,16
1808,16
1809,15
1810,14
1811,15
1812,14
1813,15
1814,15
1815,16
1816,16
1817,17
1818,17
1819,17
1820,17
1821,16
1822,16
1823,16
1824,15
1825,15
1826,15
1827,15
1828,15
1829,15
1830,14
1831,15
1832,15
1833,15
1834,15
1835,15
1836,15
1837,15
1838,15
1839,15
1840,15
1841,15
1842,14
1843,14
1844,13
1845,12
1846,12
1847,12
1848,12
1849,13
1850,14
1851,15
1852,15
1853,15
1854,14
1855,14
1856,13
1857,13
1858,12
1859,13
1860,13
1861,13
1862,13
1863,13
1864,13
1865,13
1866,13
1867,12
1868,12
1869,12
1870,12
1871,12
1872,12
1873,12
1874,12
1875,11
1876,11
1877,11
1878,11
1879,10
1880,10
1881,10
1882,10
1883,10
1884,10
1885,9
1886,9
1887,8
1888,7
1889,7
1890,7
1891,7
1892,7
1893,7
1894,7
1895,8
1896,8
1897,8
1898,8
1899,8
1900,8
1901,8
1902,8
1903,7
1904,7
1905,7
1906,8
1907,8
1908,8
1909,8
1910,8
1911,8
1912,9
1913,8
1914,8
1915,8
1916,8
1917,8
1918,8
1919,8
1920,8
1921,8
1922,8
1923,8
1924,8
1925,7
1926,7
1927,7
1928,7
1929,7
1930,7
1931,7
1932,7
1933,7
1934,7
1935,7
1936,7
1937,7
1938,7
1939,7
1940,7
1941,6
1942,6
1943,6
1944,6
1945,7
1946,7
1947,7
1948,7
1949,8
1950,8
1951,8
1952,8
1953,8
1954,9
1955,9
1956,9
1957,9
1958,9
1959,9
1960,8
1961,8
1962,8
1963,8
1964,8
1965,8
1966,8
1967,8
1968,8
1969,8
1970,7
1971,7
1972,7
1973,8
1974,8
1975,9
1976,9
1977,9
1978,9
1979,9
1980,9
1981,10
1982,10
1983,10
1984,10
1985,10
1986,10
1987,11
1988,11
1989,11
1990,12
1991,12
1992,12
1993,11
1994,11
1995,11
1996,11
1997,10
1998,10
1999,10
2000,9
2001,9
2002,9
2003,9
2004,9
2005,10
2006,10
2007,11
2008,11
2009,12
2010,12
2011,12
2012,12
2013,12
2014,12
2015,12
2016,11
2017,11
2018,11
2019,11
2020,12
2021,12
2022,12
2023,12
2024,12
2025,12
2026,11
2027,11
2028,11
2029,11
2030,11
2031,11
2032,10
2033,10
2034,10
2035,9
2036,9
2037,9
2038,9
2039,9
2040,9
2041,9
2042,8
2043,8
2044,8
2045,8
2046,7
2047,7
2048,7
2049,7
2050,6
2051,6
2052,6
2053,6
2054,6
2055,6
2056,6
2057,6
2058,6
2059,6
2060,7
2061,7
2062,8
2063,8
2064,8
2065,8
2066,8
2067,8
2068,8
2069,8
2070,8
2071,9
2072,9
2073,9
2074,9
2075,9
2076,9
2077,9
2078,9
2079,9
2080,9
2081,10
2082,10
2083,10
2084,11
2085,11
2086,10
2087,10
2088,10
2089,10
2090,9
2091,9
2092,9
2093,10
2094,11
2095,12
2096,12
2097,12
2098,12
2099,12
2100,13
2101,13
2102,13
2103,14
2104,14
2105,13
2106,13
2107,13
2108,12
2109,12
2110,12
2111,11
2112,11
2113,11
2114,11
2115,11
2116,12
2117,11
2118,11
2119,11
2120,11
2121,12
2122,12
2123,11
2124,10
2125,9
2126,10
2127,11
2128,11
2129,11
2130,11
2131,10
2132,9
2133,9
2134,9
2135,9
2136,9
2137,9
2138,9
2139,10
2140,10
2141,10
2142,10
2143,10
2144,10
2145,10
2146,10
2147,10
2148,10
2149,9
2150,9
2151,9
2152,9
2153,9
2154,9
2155,9
2156,9
2157,9
2158,8
2159,8
2160,8
2161,8
2162,8
2163,8
2164,8
2165,8
2166,8
2167,9
2168,9
2169,10
2170,10
2171,10
2172,10
2173,11
2174,11
2175,12
2176,12
2177,11
2178,10
2179,10
2180,11
2181,11
2182,11
2183,10
2184,10
2185,10
2186,11
2187,10
2188,10
2189,10
2190,10
2191,10
2192,9
2193,9
2194,10
2195,10
2196,10
2197,10
2198,9
2199,8
2200,8
2201,8
2202,8
2203,8
2204,8
2205,8
2206,8
2207,8
2208,8
2209,8
2210,8
2211,9
2212,10
2213,10
2214,10
2215,10
2216,10
2217,10
2218,10
2219,9
2220,8
2221,8
2222,8
2223,8
2224,8
2225,8
2226,9
2227,9
2228,9
2229,8
2230,8
2231,7
2232,7
2233,7
2234,7
2235,7
2236,7
2237,7
2238,7
2239,7
2240,7
2241,7
2242,7
2243,7
2244,7
2245,7
2246,7
2247,7
2248,7
2249,7
2250,8
2251,8
2252,8
2253,8
2254,9
2255,9
2256,9
2257,9
2258,9
2259,10
2260,10
2261,10
2262,10
2263,11
2264,11
2265,11
2266,11
2267,11
2268,12
2269,11
2270,11
2271,11
2272,11
2273,11
2274,11
2275,11
2276,11
2277,11
2278,12
2279,12
2280,12
2281,12
2282,12
2283,11
2284,10
2285,11
2286,11
2287,12
2288,11
2289,11
2290,11
2291,11
2292,11
2293,12
2294,12
2295,12
2296,12
2297,12
2298,12
2299,12
2300,12
2301,11
2302,11
2303,11
2304,11
2305,11
2306,10
2307,10
2308,10
2309,10
2310,10
2311,10
2312,10
2313,10
2314,10
2315,10
2316,10
2317,10
2318,10
2319,9
2320,8
2321,8
2322,8
2323,8
2324,8
2325,8
2326,8
2327,8
2328,8
2329,8
2330,8
2331,8
2332,8
2333,7
2334,7
2335,7
2336,7
2337,7
2338,7
2339,7
2340,8
2341,8
2342,8
2343,7
2344,7
2345,7
2346,7
2347,7
2348,7
2349,7
2350,7
2351,7
2352,7
2353,7
2354,7
2355,7
2356,7
2357,7
2358,7
2359,7
2360,7
2361,8
2362,8
2363,8
2364,8
2365,8
2366,8
2367,9
2368,9
2369,9
2370,8
2371,8
2372,8
2373,8
2374,8
2375,8
2376,8
2377,9
2378,9
2379,9
2380,9
2381,9
2382,9
2383,10
2384,9
2385,9
2386,9
2387,9
2388,9
2389,9
2390,9
2391,9
2392,9
2393,9
2394,9
2395,10
2396,10
2397,10
2398,10
2399,10
2400,10
2401,10
2402,10
2403,10
2404,10
2405,10
2406,10
2407,10
2408,10
2409,10
2410,10
2411,9
2412,10
2413,10
2414,11
2415,11
2416,11
2417,11
2418,11
2419,10
2420,10
2421,10
2422,10
2423,10
2424,10
2425,9
2426,9
2427,9
2428,9
2429,9
2430,9
2431,8
2432,8
2433,8
2434,8
2435,8
2436,8
2437,8
2438,8
2439,8
2440,9
2441,9
2442,8
2443,8
2444,8
2445,8
2446,7
2447,7
2448,7
2449,8
2450,8
2451,8
2452,8
2453,8
2454,8
2455,8
2456,8
2457,9
2458,9
2459,9
2460,10
2461,10
2462,10
2463,10
2464,10
2465,10
2466,9
2467,8
2468,8
2469,8
2470,7
2471,7
2472,7
2473,7
2474,7
2475,7
2476,7
2477,7
2478,7
2479,7
2480,7
2481,7
2482,8
2483,8
2484,8
2485,9
2486,9
2487,10
2488,10
2489,11
2490,12
2491,12
2492,13
2493,13
2494,12
2495,11
2496,11
2497,11
2498,11
2499,11
2500,11
2501,11
2502,10
2503,10
2504,10
2505,10
2506,10
2507,10
2508,10
2509,9
2510,9
2511,9
2512,9
2513,8
2514,8
2515,8
2516,8
2517,8
2518,8
2519,8
2520,8
2521,8
2522,8
2523,8
2524,8
2525,8
2526,8
2527,8
2528,8
2529,8
2530,8
2531,8
2532,8
2533,8
2534,8
2535,8
2536,8
2537,8
2538,8
2539,8
2540,8
2541,9
2542,9
2543,9
2544,8
2545,8
2546,8
2547,8
2548,8
2549,7
2550,7
2551,7
2552,8
2553,8
2554,8
2555,8
2556,8
2557,8
2558,8
2559,9
2560,9
2561,8
2562,8
2563,8
2564,8
2565,8
2566,8
2567,8
2568,9
2569,9
2570,9
2571,9
2572,9
2573,9
2574,9
2575,9
2576,9
2577,9
2578,9
2579,9
2580,9
2581,9
2582,8
2583,8
2584,8
2585,9
2586,9
2587,9
2588,9
2589,9
2590,8
2591,8
2592,8
2593,8
2594,8
2595,8
2596,8
2597,8
2598,7
2599,7
2600,7
2601,6
2602,6
2603,5
2604,5
2605,5
2606,5
2607,5
2608,5
2609,5
2610,6
2611,6
2612,6
2613,6
2614,6
2615,7
2616,7
2617,7
2618,7
2619,7
2620,7
2621,7
2622,7
2623,6
2624,6
2625,6
2626,6
2627,6
2628,6
2629,6
2630,6
2631,6
2632,5
2633,5
2634,5
2635,5
2636,5
2637,5
2638,5
2639,5
2640,5
2641,5
2642,5
2643,4
2644,4
2645,4
2646,4
2647,3
2648,3
2649,3
2650,3
2651,3
2652,4
2653,5
2654,5
2655,5
2656,6
2657,5
2658,5
2659,5
2660,5
2661,5
2662,5
2663,5
2664,5
2665,5
2666,5
2667,5
2668,5
2669,5
2670,5
2671,5
2672,5
2673,5
2674,5
2675,5
2676,5
2677,5
2678,5
2679,5
2680,5
2681,5
2682,5
2683,5
2684,5
2685,5
2686,5
2687,5
2688,5
2689,5
2690,5
2691,5
2692,5
2693,5
2694,5
2695,5
2696,5
2697,5
2698,5
2699,5
2700,5
2701,5
2702,5
2703,5
2704,5
2705,5
2706,5
2707,5
2708,5
2709,5
2710,5
2711,5
2712,5
2713,5
2714,2
2715,2
2716,3
2717,3
2718,4
2719,4
2720,4
2721,4
2722,4
2723,3
2724,3
2725,3
2726,3
2727,3
2728,3
2729,4
2730,4
2731,4
2732,4
2733,5
2734,5
2735,5
2736,6
2737,6
2738,6
2739,6
2740,6
2741,6
2742,5
2743,5
2744,5
2745,5
2746,5
2747,5
2748,5
2749,5
2750,5
2751,5
2752,5
2753,5
2754,6
2755,6
2756,6
2757,5
2758,5
2759,5
2760,5
2761,5
2762,5
2763,5
2764,5
2765,5
2766,5
2767,5
2768,5
2769,5
2770,5
2771,5
2772,4
2773,4
2774,4
2775,5
2776,5
2777,5
2778,5
2779,5
2780,5
2781,5
2782,5
2783,5
2784,5
2785,5
2786,5
2787,5
2788,5
2789,5
2790,5
2791,5
2792,5
2793,5
2794,5
2795,5
2796,5
2797,5
2798,5
2799,5
2800,5
2801,5
2802,5
2803,6
2804,6
2805,6
2806,5
2807,5
2808,5
2809,5
2810,5
2811,5
2812,5
2813,5
2814,5
2815,4
2816,4
2817,4
2818,4
2819,4
2820,4
2821,4
2822,4
2823,4
2824,3
2825,3
2826,3
2827,3
2828,3
2829,3
2830,3
2831,3
2832,3
2833,3
2834,3
2835,4
2836,4
2837,4
2838,4
2839,4
2840,4
2841,4
2842,4
2843,4
2844,4
2845,4
2846,4
2847,4
2848,4
2849,3
2850,3
2851,3
2852,3
2853,3
2854,3
2855,3
2856,3
2857,3
2858,4
2859,5
2860,5
2861,4
2862,4
2863,4
2864,4
2865,4
2866,3
2867,3
2868,3
2869,3
2870,2
2871,2
2872,2
2873,2
2874,2
2875,2
2876,2
2877,2
2878,3
2879,3
2880,4
2881,4
2882,4
2883,4
2884,5
2885,4
2886,4
2887,4
2888,4
2889,4
2890,4
2891,4
2892,4
2893,4
2894,4
2895,4
2896,4
2897,5
2898,4
2899,4
2900,4
2901,4
2902,5
2903,5
2904,6
2905,6
2906,6
2907,6
2908,6
2909,6
2910,6
2911,6
2912,6
2913,6
2914,6
2915,7
2916,7
2917,7
2918,7
2919,7
2920,7
2921,7
2922,7
2923,7
2924,7
2925,6
2926,6
2927,6
2928,6
2929,6
2930,6
2931,6
2932,6
2933,6
2934,6
2935,6
2936,6
2937,6
2938,6
2939,6
2940,6
2941,6
2942,6
2943,6
2944,6
2945,6
2946,6
2947,6
2948,7
2949,7
2950,7
2951,7
2952,7
2953,7
2954,6
2955,6
2956,6
2957,6
2958,6
2959,6
2960,5
2961,5
2962,5
2963,5
2964,5
2965,5
2966,5
2967,5
2968,4
2969,4
2970,4
2971,5
2972,5
2973,5
2974,5
2975,5
2976,5
2977,5
2978,5
2979,5
2980,5
2981,5
2982,5
2983,5
2984,5
2985,6
2986,6
2987,6
2988,6
2989,7
2990,7
2991,7
2992,7
2993,7
2994,6
2995,6
2996,6
2997,6
2998,6
2999,6
3000,7
3001,7
3002,7
3003,7
3004,7
3005,7
3006,7
3007,7
3008,7
3009,8
3010,8
3011,8
3012,8
3013,7
3014,7
3015,7
3016,7
3017,7
3018,7
3019,7
3020,7
3021,7
3022,7
3023,7
3024,6
3025,6
3026,5
3027,4
3028,4
3029,4
3030,4
3031,4
3032,4
3033,4
3034,4
3035,4
3036,4
3037,4
3038,4
3039,5
3040,5
3041,5
3042,5
3043,5
3044,5
3045,5
3046,5
3047,6
3048,6
3049,6
3050,6
3051,6
3052,6
3053,6
3054,6
3055,6
3056,6
3057,6
3058,6
3059,6
3060,7
3061,7
3062,7
3063,7
3064,7
3065,7
3066,7
3067,8
3068,8
3069,8
3070,10
3071,10
3072,10
3073,10
3074,10
3075,11
3076,11
3077,11
3078,10
3079,9
3080,10
3081,9
3082,9
3083,9
3084,9
3085,9
3086,9
3087,9
3088,9
3089,9
3090,9
3091,9
3092,9
3093,9
3094,9
3095,9
3096,9
3097,9
3098,10
3099,10
3100,10
3101,10
3102,9
3103,10
3104,10
3105,10
3106,10
3107,9
3108,9
3109,9
3110,9
3111,9
3112,9
3113,9
3114,9
3115,9
3116,9
3117,9
3118,8
3119,8
3120,9
3121,9
3122,9
3123,9
3124,9
3125,9
3126,9
3127,9
3128,10
3129,10
3130,10
3131,10
3132,10
3133,10
3134,10
3135,10
3136,10
3137,10
3138,10
3139,9
3140,9
3141,9
3142,9
3143,10
3144,10
3145,10
3146,10
3147,10
3148,11
3149,11
3150,11
3151,11
3152,10
3153,10
3154,10
3155,10
3156,10
3157,10
3158,10
3159,9
3160,8
3161,7
3162,7
3163,7
3164,7
3165,7
3166,8
3167,8
3168,8
3169,8
3170,8
3171,7
3172,7
3173,7
3174,7
3175,7
3176,7
3177,7
3178,7
3179,6
3180,6
3181,6
3182,6
3183,6
3184,6
3185,6
3186,6
3187,6
3188,6
3189,6
3190,7
3191,7
3192,7
3193,8
3194,8
3195,7
3196,7
3197,7
3198,7
3199,7
3200,7
3201,7
3202,7
3203,7
3204,7
3205,7
3206,7
3207,7
3208,7
3209,6
3210,6
3211,6
3212,6
3213,6
3214,6
3215,6
3216,6
3217,6
3218,6
3219,6
3220,6
3221,6
3222,5
3223,5
3224,5
3225,5
3226,5
3227,5
3228,5
3229,5
3230,6
3231,5
3232,5
3233,5
3234,5
3235,5
3236,5
3237,5
3238,5
3239,6
3240,7
3241,7
3242,7
3243,7
3244,7
3245,8
3246,8
3247,8
3248,8
3249,8
3250,8
3251,8
3252,8
3253,8
3254,8
3255,8
3256,8
3257,8
3258,8
3259,8
3260,7
3261,7
3262,7
3263,7
3264,7
3265,7
3266,6
3267,6
3268,6
3269,6
3270,6
3271,6
3272,7
3273,7
3274,6
3275,6
3276,6
3277,6
3278,6
3279,6
3280,6
3281,6
3282,6
3283,6
3284,6
3285,7
3286,7
3287,7
3288,7
3289,7
3290,6
3291,6
3292,6
3293,6
3294,6
3295,7
3296,7
3297,7
3298,7
3299,7
3300,7
3301,6
3302,6
3303,6
3304,6
3305,6
3306,6
3307,6
3308,6
3309,7
3310,7
3311,7
3312,7
3313,7
3314,7
3315,7
3316,7
3317,7
3318,7
3319,7
3320,6
3321,6
3322,6
3323,6
3324,5
3325,5
3326,6
3327,6
3328,6
3329,7
3330,7
3331,7
3332,7
3333,7
3334,7
3335,7
3336,7
3337,7
3338,7
3339,7
3340,7
3341,7
3342,7
3343,7
3344,7
3345,7
3346,7
3347,7
3348,7
3349,7
3350,7
3351,7
3352,7
3353,7
3354,7
3355,6
3356,7
3357,7
3358,7
3359,7
3360,7
3361,7
3362,7
3363,6
3364,6
3365,6
3366,6
3367,6
3368,6
3369,6
3370,7
3371,7
3372,7
3373,7
3374,7
3375,7
3376,7
3377,8
3378,8
3379,9
3380,9
3381,9
3382,9
3383,9
3384,8
3385,8
3386,7
3387,7
3388,7
3389,7
3390,7
3391,7
3392,7
3393,7
3394,6
3395,6
3396,6
3397,6
3398,7
3399,7
3400,7
3401,7
3402,7
3403,7
3404,7
3405,7
3406,7
3407,7
3408,7
3409,6
3410,6
3411,6
3412,6
3413,6
3414,6
3415,6
3416,6
3417,6
3418,6
3419,6
3420,6
3421,6
3422,7
3423,6
3424,6
3425,6
3426,6
3427,6
3428,5
3429,5
3430,5
3431,5
3432,5
3433,5
3434,5
3435,5
3436,4
3437,5
3438,5
3439,4
3440,4
3441,4
3442,4
3443,4
3444,4
3445,4
3446,4
3447,4
3448,4
3449,4
3450,4
3451,4
3452,4
3453,4
3454,4
3455,4
3456,3
3457,3
3458,4
3459,4
3460,4
3461,4
3462,4
3463,4
3464,4
3465,4
3466,4
3467,4
3468,4
3469,4
3470,4
3471,4
3472,4
3473,4
3474,4
3475,4
3476,4
3477,4
3478,4
3479,4
3480,3
3481,3
3482,3
3483,3
3484,3
3485,3
3486,3
3487,3
3488,3
3489,3
3490,3
3491,3
3492,3
3493,3
3494,3
3495,4
3496,4
3497,4
3498,4
3499,4
3500,4
3501,4
3502,4
3503,5
3504,5
3505,5
3506,5
3507,6
3508,6
3509,6
3510,6
3511,6
3512,5
3513,5
3514,5
3515,5
3516,5
3517,5
3518,5
3519,6
3520,6
3521,6
3522,6
3523,7
3524,7
3525,7
3526,7
3527,7
3528,7
3529,6
3530,6
3531,6
3532,6
3533,6
3534,7
3535,7
3536,7
3537,6
3538,5
3539,5
3540,5
3541,5
3542,5
3543,5
3544,6
3545,6
3546,6
3547,6
3548,6
3549,6
3550,7
3551,7
3552,7
3553,7
3554,7
3555,7
3556,7
3557,7
3558,8
3559,8
3560,8
3561,8
3562,8
3563,8
3564,8
3565,7
3566,7
3567,7
3568,7
3569,7
3570,7
3571,7
3572,7
3573,8
3574,8
3575,8
3576,8
3577,8
3578,8
3579,8
3580,9
3581,9
3582,8
3583,8
3584,8
3585,8
3586,8
3587,8
3588,8
3589,8
3590,8
3591,8
3592,8
3593,8
3594,8
3595,8
3596,8
3597,9
3598,8
3599,8
3600,8
3601,8
3602,8
3603,7
3604,7
3605,7
3606,7
3607,6
3608,6
3609,6
3610,6
3611,5
3612,5
3613,6
3614,6
3615,6
3616,6
3617,6
3618,6
3619,6
3620,5
3621,5
3622,5
3623,5
3624,5
3625,5
3626,5
3627,5
3628,5
3629,5
3630,5
3631,5
3632,6
3633,6
3634,6
3635,5
3636,5
3637,5
3638,5
3639,5
3640,5
3641,5
3642,5
3643,5
3644,5
3645,5
3646,5
3647,5
3648,5
3649,5
3650,4
3651,4
3652,4
3653,4
3654,4
3655,4
3656,4
3657,4
3658,4
3659,5
3660,5
3661,5
3662,5
3663,5
3664,5
3665,5
3666,5
3667,5
3668,5
3669,5
3670,5
3671,5
3672,5
3673,5
3674,5
3675,4
3676,5
3677,5
3678,5
3679,5
3680,5
3681,5
3682,5
3683,5
3684,5
3685,5
3686,5
3687,5
3688,5
3689,5
3690,5
3691,5
3692,5
3693,4
3694,4
3695,4
3696,4
3697,4
3698,4
3699,4
3700,4
3701,4
3702,4
3703,4
3704,4
3705,4
3706,4
3707,4
3708,4
3709,4
3710,4
3711,5
3712,5
3713,5
3714,5
3715,6
3716,6
3717,6
3718,6
3719,7
3720,7
3721,7
3722,7
3723,7
3724,7
3725,7
3726,7
3727,7
3728,7
3729,7
3730,7
3731,7
3732,7
3733,7
3734,7
3735,7
3736,7
3737,7
3738,7
3739,7
3740,7
3741,8
3742,8
3743,8
3744,8
3745,8
3746,8
3747,8
3748,9
3749,10
3750,10
3751,10
3752,10
3753,10
3754,10
3755,9
3756,9
3757,9
3758,9
3759,9
3760,10
3761,10
3762,10
3763,10
3764,10
3765,10
3766,9
3767,9
3768,9
3769,8
3770,8
3771,8
3772,8
3773,8
3774,8
3775,8
3776,8
3777,8
3778,9
3779,9
3780,9
3781,9
3782,9
3783,9
3784,10
3785,10
3786,10
3787,10
3788,10
3789,10
3790,10
3791,10
3792,10
3793,10
3794,10
3795,10
3796,10
3797,10
3798,10
3799,10
3800,9
3801,9
3802,9
3803,9
3804,9
3805,9
3806,9
3807,9
3808,8
3809,8
3810,8
3811,8
3812,8
3813,8
3814,8
3815,8
3816,8
3817,7
3818,7
3819,7
3820,7
3821,6
3822,6
3823,6
3824,6
3825,6
3826,7
3827,7
3828,7
3829,7
3830,8
3831,8
3832,8
3833,8
3834,8
3835,8
3836,8
3837,7
3838,7
3839,7
3840,7
3841,7
3842,7
3843,7
3844,7
3845,7
3846,8
3847,8
3848,8
3849,8
3850,9
3851,10
3852,10
3853,10
3854,10
3855,9
3856,9
3857,9
3858,9
3859,10
3860,10
3861,10
3862,10
3863,10
3864,10
3865,10
3866,10
3867,10
3868,10
3869,10
3870,10
3871,10
3872,10
3873,10
3874,10
3875,10
3876,10
3877,10
3878,9
3879,9
3880,9
3881,9
3882,9
3883,9
3884,9
3885,9
3886,9
3887,9
3888,9
3889,9
3890,8
3891,9
3892,8
3893,8
3894,9
3895,9
3896,9
3897,9
3898,9
3899,9
3900,9
3901,9
3902,9
3903,9
3904,9
3905,8
3906,8
3907,8
3908,7
3909,7
3910,7
3911,7
3912,7
3913,7
3914,7
3915,7
3916,7
3917,7
3918,7
3919,7
3920,7
3921,7
3922,7
3923,7
3924,7
3925,7
3926,7
3927,7
3928,7
3929,7
3930,7
3931,7
3932,7
3933,7
3934,7
3935,7
3936,7
3937,6
3938,6
3939,6
3940,6
3941,6
3942,6
3943,6
3944,6
3945,5
3946,5
3947,6
3948,6
3949,6
3950,6
3951,6
3952,6
3953,6
3954,6
3955,7
3956,7
3957,7
3958,7
3959,6
3960,5
3961,5
3962,6
3963,6
3964,6
3965,6
3966,6
3967,6
3968,6
3969,6
3970,5
3971,5
3972,5
3973,5
3974,6
3975,6
3976,6
3977,6
3978,6
3979,6
3980,6
3981,6
3982,5
3983,5
3984,5
3985,5
3986,5
3987,5
3988,5
3989,5
3990,5
3991,5
3992,5
3993,5
3994,5
3995,5
3996,6
3997,5
3998,5
3999,5
4000,5
4001,6
4002,6
4003,7
4004,7
4005,7
4006,7
4007,7
4008,7
4009,7
4010,7
4011,7
4012,7
4013,7
4014,7
4015,7
4016,7
4017,6
4018,7
4019,7
4020,7
4021,7
4022,7
4023,7
4024,7
4025,7
4026,7
4027,8
4028,8
4029,8
4030,7
4031,7
4032,7
4033,7
4034,7
4035,7
4036,7
4037,7
4038,7
4039,7
4040,7
4041,7
4042,7
4043,7
4044,7
4045,7
4046,6
4047,6
4048,6
4049,6
4050,6
4051,6
4052,6
4053,6
4054,6
4055,6
4056,6
4057,6
4058,6
4059,6
4060,6
4061,6
4062,6
4063,6
4064,6
4065,6
4066,6
4067,6
4068,6
4069,6
4070,6
4071,6
4072,6
4073,6
4074,6
4075,7
4076,7
4077,7
4078,7
4079,7
4080,7
4081,7
4082,7
4083,7
4084,7
4085,7
4086,7
4087,7
4088,7
4089,7
4090,6
4091,6
4092,6
4093,6
4094,6
4095,6
4096,6
4097,6
4098,6
4099,6
4100,5
4101,5
4102,5
4103,5
4104,5
4105,5
4106,5
4107,5
4108,5
4109,5
4110,5
4111,5
4112,5
4113,5
4114,5
4115,5
4116,5
4117,5
4118,5
4119,5
4120,5
4121,4
4122,4
4123,4
4124,5
4125,5
4126,5
4127,5
4128,5
4129,5
4130,5
4131,5
4132,5
4133,5
4134,6
4135,6
4136,7
4137,7
4138,7
4139,7
4140,7
4141,7
4142,7
4143,7
4144,7
4145,7
4146,7
4147,7
4148,7
4149,7
4150,7
4151,7
4152,7
4153,7
4154,7
4155,6
4156,6
4157,7
4158,6
4159,6
4160,6
4161,6
4162,5
4163,5
4164,5
4165,5
4166,5
4167,5
4168,5
4169,5
4170,6
4171,6
4172,6
4173,6
4174,6
4175,5
4176,5
4177,5
4178,5
4179,5
4180,4
4181,4
4182,4
4183,4
4184,4
4185,4
4186,4
4187,4
4188,5
4189,5
4190,5
4191,5
4192,5
4193,5
4194,5
4195,5
4196,5
4197,5
4198,5
4199,5
4200,5
4201,5
4202,5
4203,5
4204,5
4205,5
4206,5
4207,5
4208,5
4209,5
4210,5
4211,5
4212,5
4213,5
4214,5
4215,5
4216,5
4217,5
4218,5
4219,5
4220,5
4221,5
4222,5
4223,5
4224,5
4225,5
4226,5
4227,5
4228,5
4229,5
4230,5
4231,5
4232,5
4233,6
4234,6
4235,6
4236,6
4237,5
4238,5
4239,5
4240,5
4241,5
4242,5
4243,5
4244,5
4245,5
4246,5
4247,5
4248,5
4249,6
4250,6
4251,6
4252,5
4253,4
4254,4
4255,5
4256,5
4257,5
4258,5
4259,5
4260,5
4261,5
4262,6
4263,6
4264,6
4265,6
4266,6
4267,6
4268,6
4269,6
4270,6
4271,6
4272,6
4273,6
4274,6
4275,6
4276,6
4277,6
4278,6
4279,6
4280,6
4281,6
4282,6
4283,6
4284,6
4285,6
4286,6
4287,6
4288,7
4289,7
4290,7
4291,7
4292,8
4293,8
4294,8
4295,8
4296,8
4297,8
4298,8
4299,8
4300,8
4301,8
4302,8
4303,8
4304,8
4305,8
4306,8
4307,9
4308,8
4309,8
4310,7
4311,7
4312,7
4313,7
4314,7
4315,7
4316,7
4317,7
4318,6
4319,6
4320,6
4321,6
4322,6
4323,6
4324,5
4325,5
4326,5
4327,5
4328,5
4329,4
4330,4
4331,4
4332,3
4333,3
4334,4
4335,4
4336,4
4337,4
4338,4
4339,4
4340,4
4341,5
4342,5
4343,4
4344,5
4345,5
4346,5
4347,5
4348,5
4349,5
4350,5
4351,4
4352,4
4353,4
4354,3
4355,3
4356,3
4357,3
4358,2
4359,2
4360,2
4361,3
4362,3
4363,3
4364,3
4365,3
4366,3
4367,2
4368,2
4369,2
4370,2
4371,2
4372,2
4373,2
4374,2
4375,2
4376,2
4377,2
4378,2
4379,2
4380,2
4381,2
4382,2
4383,2
4384,2
4385,2
4386,2
4387,2
4388,2
4389,2
4390,2
4391,3
4392,3
4393,3
4394,3
4395,3
4396,3
4397,3
4398,3
4399,3
4400,3
4401,4
4402,4
4403,4
4404,4
4405,4
4406,4
4407,4
4408,4
4409,4
4410,4
4411,4
4412,4
4413,4
4414,4
4415,4
4416,3
4417,3
4418,3
4419,3
4420,3
4421,3
4422,3
4423,3
4424,3
4425,3
4426,3
4427,3
4428,3
4429,3
4430,3
4431,3
4432,3
4433,2
4434,2
4435,2
4436,2
4437,2
4438,2
4439,2
4440,3
4441,3
4442,3
4443,3
4444,3
4445,3
4446,3
4447,2
4448,2
4449,3
4450,3
4451,3
4452,3
4453,3
4454,3
4455,3
4456,3
4457,3
4458,3
4459,3
4460,3
4461,3
4462,3
4463,3
4464,3
4465,3
4466,3
4467,3
4468,3
4469,3
4470,3
4471,3
4472,3
4473,3
4474,3
4475,3
4476,3
4477,3
4478,3
4479,3
4480,3
4481,3
4482,3
4483,3
4484,3
4485,3
4486,4
4487,4
4488,4
4489,4
4490,4
4491,4
4492,4
4493,4
4494,4
4495,4
4496,4
4497,4
4498,4
4499,4
4500,4
4501,3
4502,3
4503,3
4504,3
4505,3
4506,3
4507,3
4508,3
4509,3
4510,3
4511,3
4512,2
4513,2
4514,3
4515,3
4516,3
4517,3
4518,3
4519,3
4520,3
4521,3
4522,4
4523,4
4524,4
4525,4
4526,5
4527,5
4528,5
4529,5
4530,5
4531,5
4532,5
4533,5
4534,5
4535,5
4536,5
4537,5
4538,5
4539,5
4540,4
4541,4
4542,4
4543,4
4544,4
4545,4
4546,4
4547,4
4548,4
4549,4
4550,4
4551,4
4552,4
4553,4
4554,4
4555,4
4556,4
4557,4
4558,4
4559,4
4560,4
4561,4
4562,5
4563,6
4564,6
4565,6
4566,6
4567,7
4568,7
4569,7
4570,8
4571,8
4572,8
4573,7
4574,7
4575,7
4576,7
4577,7
4578,7
4579,6
4580,6
4581,7
4582,7
4583,7
4584,7
4585,7
4586,7
4587,7
4588,7
4589,6
4590,6
4591,6
4592,6
4593,6
4594,6
4595,6
4596,6
4597,7
4598,7
4599,7
4600,7
4601,7
4602,7
4603,7
4604,7
4605,8
4606,8
4607,7
4608,6
4609,6
4610,6
4611,6
4612,6
4613,6
4614,6
4615,6
4616,6
4617,6
4618,6
4619,7
4620,7
4621,7
4622,7
4623,6
4624,6
4625,6
4626,6
4627,6
4628,6
4629,6
4630,6
4631,6
4632,6
4633,6
4634,7
4635,7
4636,7
4637,7
4638,7
4639,7
4640,7
4641,7
4642,6
4643,6
4644,6
4645,6
4646,7
4647,7
4648,7
4649,6
4650,6
4651,6
4652,6
4653,6
4654,6
4655,6
4656,6
4657,6
4658,6
4659,6
4660,6
4661,6
4662,6
4663,6
4664,6
4665,7
4666,7
4667,7
4668,7
4669,7
4670,7
4671,7
4672,7
4673,7
4674,7
4675,8
4676,8
4677,8
4678,8
4679,9
4680,9
4681,8
4682,8
4683,9
4684,9
4685,9
4686,10
4687,10
4688,10
4689,10
4690,10
4691,10
4692,6
4693,6
4694,7
4695,8
4696,9
4697,9
4698,9
4699,9
4700,8
4701,8
4702,8
4703,8
4704,8
4705,8
4706,9
4707,9
4708,9
4709,9
4710,9
4711,9
4712,9
4713,9
4714,9
4715,9
4716,9
4717,9
4718,9
4719,9
4720,9
4721,9
4722,8
4723,8
4724,8
4725,8
4726,8
4727,8
4728,8
4729,8
4730,7
4731,7
4732,7
4733,7
4734,8
4735,8
4736,8
4737,8
4738,8
4739,8
4740,8
4741,8
4742,8
4743,8
4744,8
4745,9
4746,9
4747,9
4748,9
4749,8
4750,8
4751,7
4752,7
4753,7
4754,7
4755,7
4756,7
4757,7
4758,7
4759,7
4760,7
4761,7
4762,7
4763,7
4764,7
4765,7
4766,7
4767,7
4768,7
4769,7
4770,7
4771,7
4772,7
4773,7
4774,7
4775,7
4776,7
4777,7
4778,7
4779,8
4780,8
4781,8
4782,8
4783,8
4784,8
4785,8
4786,8
4787,8
4788,9
4789,9
4790,9
4791,9
4792,9
4793,9
4794,9
4795,9
4796,9
4797,10
4798,10
4799,9
4800,9
4801,9
4802,9
4803,9
4804,9
4805,9
4806,9
4807,9
4808,8
4809,8
4810,8
4811,8
4812,8
4813,8
4814,9
4815,9
4816,9
4817,9
4818,9
4819,9
4820,9
4821,9
4822,9
4823,9
4824,9
4825,9
4826,9
4827,9
4828,9
4829,9
4830,9
4831,9
4832,9
4833,9
4834,9
4835,8
4836,8
4837,8
4838,8
4839,8
4840,8
4841,8
4842,7
4843,7
4844,7
4845,7
4846,7
4847,7
4848,7
4849,7
4850,5
4851,5
4852,5
4853,5
4854,5
4855,5
4856,5
4857,6
4858,6
4859,6
4860,6
4861,6
4862,6
4863,6
4864,6
4865,7
4866,7
4867,7
4868,7
4869,7
4870,6
4871,6
4872,6
4873,6
4874,6
4875,6
4876,6
4877,7
4878,7
4879,7
4880,7
4881,7
4882,7
4883,7
4884,6
4885,6
4886,6
4887,6
4888,6
4889,6
4890,6
4891,6
4892,6
4893,6
4894,6
4895,6
4896,6
4897,6
4898,6
4899,6
4900,6
4901,6
4902,6
4903,6
4904,6
4905,6
4906,6
4907,6
4908,7
4909,6
4910,6
4911,6
4912,6
4913,6
4914,6
4915,6
4916,6
4917,6
4918,6
4919,6
4920,6
4921,6
4922,6
4923,6
4924,6
4925,6
4926,6
4927,6
4928,6
4929,6
4930,6
4931,6
4932,7
4933,7
4934,7
4935,7
4936,7
4937,8
4938,8
4939,7
4940,7
4941,7
4942,6
4943,6
4944,6
4945,6
4946,5
4947,5
4948,5
4949,5
4950,4
4951,4
4952,4
4953,4
4954,4
4955,4
4956,4
4957,4
4958,4
4959,4
4960,4
4961,4
4962,5
4963,5
4964,5
4965,5
4966,5
4967,5
4968,5
4969,5
4970,5
4971,5
4972,5
4973,5
4974,5
4975,5
4976,5
4977,5
4978,5
4979,5
4980,5
4981,5
4982,5
4983,5
4984,6
4985,6
4986,6
4987,6
4988,6
4989,6
4990,6
4991,6
4992,6
4993,6
4994,6
4995,6
4996,6
4997,6
4998,6
4999,6
5000,6
5001,6
5002,6
5003,6
5004,6
5005,6
5006,7
5007,7
5008,7
5009,7
5010,7
5011,7
5012,7
5013,7
5014,7
5015,7
5016,7
5017,7
5018,7
5019,7
5020,7
5021,7
5022,7
5023,7
5024,6
5025,6
5026,6
5027,6
5028,6
5029,6
5030,6
5031,6
5032,6
5033,6
5034,6
5035,6
5036,6
5037,6
5038,6
5039,6
5040,6
5041,6
5042,6
5043,6
5044,6
5045,6
5046,6
5047,6
5048,6
5049,6
5050,5
5051,5
5052,5
5053,5
5054,5
5055,5
5056,5
5057,5
5058,6
5059,6
5060,6
5061,6
5062,6
5063,6
5064,6
5065,6
5066,5
5067,5
5068,6
5069,6
5070,6
5071,6
5072,6
5073,6
5074,6
5075,6
5076,6
5077,6
5078,6
5079,7
5080,7
5081,7
5082,7
5083,7
5084,7
5085,7
5086,7
5087,6
5088,6
5089,5
5090,5
5091,5
5092,5
5093,5
5094,5
5095,5
5096,5
5097,5
5098,5
5099,4
5100,3
5101,3
5102,3
5103,3
5104,3
5105,3
5106,3
5107,3
5108,3
5109,3
5110,4
5111,4
5112,4
5113,4
5114,4
5115,4
5116,4
5117,5
5118,5
5119,5
5120,5
5121,4
5122,4
5123,4
5124,4
5125,4
5126,4
5127,4
5128,4
5129,4
5130,4
5131,4
5132,3
5133,3
5134,3
5135,3
5136,3
5137,4
5138,4
5139,4
5140,4
5141,5
5142,5
5143,5
5144,5
5145,4
5146,3
5147,3
5148,3
5149,3
5150,3
5151,3
5152,3
5153,3
5154,3
5155,3
5156,3
5157,3
5158,3
5159,3
5160,3
5161,3
5162,3
5163,4
5164,4
5165,4
5166,4
5167,4
5168,4
5169,4
5170,4
5171,4
5172,4
5173,4
5174,4
5175,4
5176,5
5177,5
5178,5
5179,5
5180,6
5181,6
5182,6
5183,5
5184,5
5185,5
5186,5
5187,5
5188,5
5189,5
5190,5
5191,5
5192,5
5193,5
5194,5
5195,5
5196,5
5197,4
5198,4
5199,4
5200,4
5201,4
5202,4
5203,4
5204,4
5205,4
5206,4
5207,4
5208,5
5209,5
5210,5
5211,5
5212,5
5213,5
5214,5
5215,5
5216,5
5217,5
5218,5
5219,5
5220,5
5221,5
5222,5
5223,5
5224,5
5225,5
5226,4
5227,4
5228,4
5229,4
5230,4
5231,4
5232,3
5233,3
5234,3
5235,3
5236,3
5237,3
5238,3
5239,3
5240,3
5241,3
5242,3
5243,2
5244,2
5245,3
5246,3
5247,4
5248,4
5249,4
5250,4
5251,4
5252,4
5253,4
5254,4
5255,4
5256,4
5257,5
5258,5
5259,5
5260,5
5261,5
5262,5
5263,5
5264,5
5265,5
5266,5
5267,5
5268,4
5269,4
5270,4
5271,5
5272,5
5273,5
5274,5
5275,5
5276,5
5277,5
5278,5
5279,5
5280,5
5281,5
5282,5
5283,5
5284,4
5285,4
5286,4
5287,4
5288,4
5289,4
5290,4
5291,4
5292,4
5293,4
5294,5
5295,6
5296,6
5297,5
5298,5
5299,5
5300,5
5301,5
5302,5
5303,5
5304,5
5305,5
5306,5
5307,5
5308,5
5309,5
5310,5
5311,5
5312,5
5313,5
5314,5
5315,5
5316,4
5317,4
5318,4
5319,4
5320,4
5321,4
5322,4
5323,4
5324,4
5325,4
5326,4
5327,4
5328,4
5329,5
5330,4
5331,4
5332,4
5333,4
5334,5
5335,5
5336,5
5337,5
5338,5
5339,5
5340,5
5341,5
5342,5
5343,5
5344,6
5345,6
5346,6
5347,7
5348,7
5349,7
5350,7
5351,7
5352,7
5353,7
5354,7
5355,7
5356,8
5357,8
5358,8
5359,8
5360,8
5361,8
5362,8
5363,8
5364,8
5365,8
5366,8
5367,8
5368,8
5369,8
5370,8
5371,8
5372,8
5373,8
5374,8
5375,8
5376,7
5377,7
5378,7
5379,7
5380,7
5381,7
5382,7
5383,7
5384,7
5385,7
5386,7
5387,7
5388,7
5389,7
5390,7
5391,7
5392,7
5393,8
5394,8
5395,8
5396,10
5397,10
5398,11
5399,11
5400,11
5401,11
5402,11
5403,11
5404,11
5405,11
5406,10
5407,10
5408,7
5409,6
5410,6
5411,6
5412,6
5413,7
5414,7
5415,7
5416,7
5417,7
5418,7
5419,7
5420,7
5421,7
5422,7
5423,7
5424,7
5425,8
5426,8
5427,8
5428,8
5429,8
5430,8
5431,8
5432,8
5433,7
5434,7
5435,7
5436,7
5437,7
5438,7
5439,7
5440,7
5441,7
5442,8
5443,8
5444,8
5445,8
5446,8
5447,8
5448,8
5449,7
5450,7
5451,7
5452,7
5453,8
5454,8
5455,8
5456,8
5457,7
5458,7
5459,7
5460,7
5461,7
5462,7
5463,6
5464,6
5465,6
5466,6
5467,6
5468,6
5469,7
5470,7
5471,7
5472,7
5473,7
5474,7
5475,7
5476,7
5477,7
5478,6
5479,6
5480,6
5481,6
5482,6
5483,6
5484,6
5485,6
5486,6
5487,6
5488,6
5489,6
5490,6
5491,6
5492,6
5493,6
5494,6
5495,6
5496,6
5497,6
5498,6
5499,6
5500,6
5501,7
5502,7
5503,7
5504,7
5505,6
5506,6
5507,6
5508,6
5509,5
5510,5
5511,5
5512,5
5513,5
5514,5
5515,4
5516,4
5517,4
5518,4
5519,4
5520,5
5521,5
5522,6
5523,6
5524,6
5525,6
5526,6
5527,5
5528,5
5529,5
5530,5
5531,5
5532,5
5533,5
5534,5
5535,5
5536,5
5537,5
5538,5
5539,5
5540,5
5541,5
5542,5
5543,5
5544,5
5545,5
5546,16
5547,17
5548,18
5549,18
5550,18
5551,18
5552,19
5553,19
5554,19
5555,19
5556,19
5557,19
5558,19
5559,19
5560,19
5561,20
5562,19
5563,19
5564,19
5565,19
5566,19
5567,19
5568,20
5569,20
5570,20
5571,19
5572,19
5573,19
5574,19
5575,20
5576,19
5577,19
5578,19
5579,19
5580,20
5581,20
5582,20
5583,20
5584,19
5585,20
5586,20
5587,21
5588,21
5589,20
5590,20
5591,20
5592,20
5593,20
5594,20
5595,19
5596,18
5597,18
5598,17
5599,18
5600,17
5601,16
5602,15
5603,14
5604,13
5605,14
5606,14
5607,13
5608,13
5609,13
5610,13
5611,13
5612,13
5613,13
5614,13
5615,13
5616,13
5617,13
5618,13
5619,12
5620,12
5621,12
5622,12
5623,12
5624,11
5625,11
5626,11
5627,11
5628,11
5629,11
5630,11
5631,11
5632,10
5633,10
5634,9
5635,9
5636,8
5637,8
5638,8
5639,8
5640,8
5641,8
5642,8
5643,8
5644,8
5645,8
5646,8
5647,7
5648,7
5649,7
5650,7
5651,7
5652,7
5653,7
5654,7
5655,7
5656,7
5657,6
5658,6
5659,6
5660,6
5661,6
5662,6
5663,6
5664,6
5665,6
5666,6
5667,6
5668,6
5669,5
5670,5
5671,5
5672,5
5673,5
5674,6
5675,6
5676,5
5677,5
5678,5
5679,5
5680,5
5681,5
5682,5
5683,5
5684,5
5685,5
5686,5
5687,5
5688,5
5689,5
5690,5
5691,5
5692,6
5693,6
5694,6
5695,5
5696,5
5697,5
5698,5
5699,5
5700,5
5701,5
5702,5
5703,6
5704,6
5705,5
5706,5
5707,6
5708,6
5709,6
5710,6
5711,6
5712,6
5713,6
5714,7
5715,7
5716,7
5717,7
5718,7
5719,7
5720,7
5721,7
5722,7
5723,7
5724,5
5725,5
5726,5
5727,6
5728,6
5729,6
5730,6
5731,6
5732,6
5733,6
5734,5
5735,5
5736,5
5737,5
5738,5
5739,5
5740,5
5741,4
5742,4
5743,4
5744,4
5745,4
5746,4
5747,4
5748,4
5749,4
5750,4
5751,4
5752,4
5753,4
5754,3
5755,3
5756,3
5757,4
5758,4
5759,4
5760,3
5761,3
5762,3
5763,3
5764,3
5765,3
5766,3
5767,3
5768,3
5769,3
5770,3
5771,3
5772,3
5773,3
5774,4
5775,4
5776,4
5777,4
5778,4
5779,4
5780,4
5781,4
5782,4
5783,4
5784,4
5785,4
5786,4
5787,4
5788,4
5789,4
5790,4
5791,4
5792,4
5793,4
5794,4
5795,3
5796,4
5797,4
5798,4
5799,4
5800,4
5801,4
5802,4
5803,4
5804,4
5805,5
5806,5
5807,5
5808,5
5809,5
5810,5
5811,5
5812,6
5813,6
5814,6
5815,6
5816,6
5817,6
5818,6
5819,6
5820,6
5821,6
5822,6
5823,6
5824,6
5825,6
5826,6
5827,6
5828,6
5829,6
5830,5
5831,5
5832,5
5833,5
5834,5
5835,5
5836,5
5837,5
5838,5
5839,5
5840,5
5841,5
5842,5
5843,5
5844,5
5845,5
5846,4
5847,4
5848,4
5849,4
5850,4
5851,3
5852,3
5853,3
5854,3
5855,3
5856,3
5857,3
5858,3
5859,3
5860,3
5861,3
5862,3
5863,4
5864,5
5865,5
5866,5
5867,5
5868,5
5869,5
5870,5
5871,5
5872,5
5873,5
5874,5
5875,5
5876,5
5877,4
5878,4
5879,4
5880,5
5881,5
5882,5
5883,5
5884,5
5885,6
5886,6
5887,6
5888,6
5889,6
5890,6
5891,6
5892,6
5893,6
5894,6
5895,6
5896,6
5897,6
5898,6
5899,6
5900,5
5901,5
5902,5
5903,5
5904,5
5905,6
5906,6
5907,6
5908,6
5909,6
5910,6
5911,6
5912,6
5913,6
5914,5
5915,5
5916,5
5917,5
5918,4
5919,4
5920,4
5921,5
5922,5
5923,5
5924,5
5925,6
5926,6
5927,6
5928,6
5929,6
5930,6
5931,6
5932,7
5933,8
5934,8
5935,7
5936,7
5937,7
5938,7
5939,7
5940,6
5941,6
5942,6
5943,6
5944,6
5945,6
5946,6
5947,6
5948,6
5949,6
5950,6
5951,6
5952,6
5953,6
5954,6
5955,5
5956,2
5957,2
5958,2
5959,3
5960,3
5961,3
5962,3
5963,3
5964,3
5965,3
5966,3
5967,3
5968,3
5969,3
5970,3
5971,3
5972,3
5973,3
5974,3
5975,3
5976,3
5977,3
5978,3
5979,3
5980,3
5981,3
5982,3
5983,4
5984,3
5985,3
5986,3
5987,3
5988,3
5989,4
5990,4
5991,4
5992,4
5993,4
5994,4
5995,5
5996,5
5997,5
5998,5
5999,5
6000,5
6001,4
6002,4
6003,4
6004,4
6005,4
6006,3
6007,3
6008,3
6009,3
6010,3
6011,3
6012,3
6013,3
6014,3
6015,3
6016,2
6017,2
6018,2
6019,3
6020,3
6021,3
6022,3
6023,3
6024,3
6025,3
6026,3
6027,3
6028,3
6029,3
6030,3
6031,3
6032,3
6033,3
6034,3
6035,3
6036,3
6037,3
6038,3
6039,3
6040,3
6041,3
6042,3
6043,3
6044,3
6045,3
6046,3
6047,3
6048,3
6049,3
6050,3
6051,3
6052,2
6053,2
6054,2
6055,2
6056,2
6057,2
6058,3
6059,3
6060,3
6061,3
6062,3
6063,3
6064,3
6065,3
6066,3
6067,3
6068,3
6069,3
6070,3
6071,3
6072,3
6073,3
6074,3
6075,3
6076,3
6077,4
6078,4
6079,4
6080,4
6081,5
6082,5
6083,5
6084,5
6085,5
6086,5
6087,5
6088,5
6089,5
6090,5
6091,5
6092,5
6093,5
6094,5
6095,5
6096,5
6097,5
6098,5
6099,6
6100,6
6101,6
6102,6
6103,6
6104,6
6105,7
6106,7
6107,7
6108,7
6109,7
6110,7
6111,7
6112,7
6113,7
6114,6
6115,6
6116,7
6117,7
6118,7
6119,6
6120,6
6121,6
6122,6
6123,6
6124,5
6125,5
6126,5
6127,5
6128,5
6129,5
6130,5
6131,5
6132,5
6133,5
6134,4
6135,4
6136,4
6137,4
6138,4
6139,4
6140,4
6141,4
6142,5
6143,5
6144,5
6145,5
6146,6
6147,5
6148,5
6149,5
6150,5
6151,5
6152,5
6153,5
6154,5
6155,5
6156,6
6157,6
6158,6
6159,6
6160,6
6161,7
6162,7
6163,7
6164,7
6165,7
6166,7
6167,7
6168,7
6169,7
6170,7
6171,7
6172,7
6173,7
6174,7
6175,7
6176,7
6177,7
6178,7
6179,6
6180,6
6181,6
6182,6
6183,6
6184,7
6185,7
6186,7
6187,7
6188,6
6189,6
6190,6
6191,6
6192,6
6193,6
6194,7
6195,7
6196,7
6197,7
6198,7
6199,7
6200,7
6201,7
6202,7
6203,7
6204,7
6205,7
6206,7
6207,7
6208,7
6209,6
6210,6
6211,6
6212,6
6213,6
6214,6
6215,6
6216,6
6217,6
6218,6
6219,6
6220,6
6221,5
6222,5
6223,5
6224,5
6225,5
6226,5
6227,5
6228,4
6229,4
6230,4
6231,4
6232,4
6233,4
6234,4
6235,4
6236,4
6237,4
6238,4
6239,4
6240,4
6241,4
6242,4
6243,4
6244,4
6245,3
6246,3
6247,3
6248,3
6249,3
6250,3
6251,3
6252,3
6253,3
6254,3
6255,4
6256,4
6257,4
6258,4
6259,4
6260,4
6261,3
6262,3
6263,3
6264,3
6265,3
6266,3
6267,3
6268,3
6269,3
6270,3
6271,3
6272,3
6273,3
6274,3
6275,3
6276,3
6277,3
6278,3
6279,3
6280,3
6281,4
6282,4
6283,5
6284,4
6285,5
6286,5
6287,5
6288,5
6289,5
6290,5
6291,5
6292,5
6293,5
6294,4
6295,4
6296,4
6297,4
6298,4
6299,4
6300,4
6301,4
6302,4
6303,4
6304,4
6305,4
6306,4
6307,4
6308,4
6309,4
6310,4
6311,4
6312,4
6313,4
6314,5
6315,5
6316,5
6317,5
6318,4
6319,4
6320,4
6321,5
6322,5
6323,5
6324,4
6325,4
6326,4
6327,4
6328,4
6329,4
6330,4
6331,5
6332,4
6333,4
6334,4
6335,4
6336,5
6337,5
6338,5
6339,4
6340,4
6341,4
6342,4
6343,4
6344,4
6345,5
6346,5
6347,5
6348,5
6349,5
6350,5
6351,5
6352,5
6353,5
6354,5
6355,5
6356,5
6357,5
6358,5
6359,5
6360,5
6361,5
6362,5
6363,5
6364,4
6365,4
6366,4
6367,4
6368,4
6369,4
6370,4
6371,4
6372,4
6373,4
6374,4
6375,4
6376,4
6377,4
6378,4
6379,4
6380,4
6381,3
6382,3
6383,3
6384,3
6385,3
6386,2
6387,2
6388,3
6389,3
6390,3
6391,3
6392,3
6393,3
6394,3
6395,2
6396,2
6397,2
6398,2
6399,2
6400,3
6401,4
6402,4
6403,4
6404,4
6405,4
6406,4
6407,4
6408,4
6409,4
6410,4
6411,4
6412,4
6413,4
6414,4
6415,5
6416,5
6417,5
6418,5
6419,5
6420,5
6421,5
6422,6
6423,6
6424,6
6425,6
6426,5
6427,5
6428,5
6429,5
6430,4
6431,4
6432,4
6433,4
6434,5
6435,5
6436,5
6437,4
6438,4
6439,4
6440,4
6441,4
6442,4
6443,5
6444,5
6445,5
6446,5
6447,5
6448,5
6449,5
6450,5
6451,5
6452,6
6453,6
6454,6
6455,6
6456,6
6457,6
6458,5
6459,5
6460,5
6461,5
6462,5
6463,4
6464,4
6465,4
6466,4
6467,4
6468,4
6469,4
6470,4
6471,4
6472,4
6473,4
6474,4
6475,4
6476,4
6477,4
6478,3
6479,3
6480,3
6481,3
6482,3
6483,3
6484,3
6485,3
6486,3
6487,3
6488,3
6489,3
6490,3
6491,3
6492,3
6493,3
6494,3
6495,3
6496,3
6497,3
6498,3
6499,3
6500,3
6501,3
6502,3
6503,3
6504,3
6505,3
6506,3
6507,3
6508,3
6509,3
6510,3
6511,3
6512,3
6513,3
6514,3
6515,3
6516,3
6517,3
6518,3
6519,3
6520,4
6521,4
6522,4
6523,4
6524,4
6525,4
6526,4
6527,4
6528,5
6529,5
6530,5
6531,5
6532,5
6533,6
6534,5
6535,4
6536,4
6537,5
6538,5
6539,5
6540,5
6541,5
6542,5
6543,5
6544,5
6545,5
6546,5
6547,5
6548,5
6549,5
6550,5
6551,5
6552,5
6553,5
6554,4
6555,4
6556,4
6557,4
6558,4
6559,4
6560,4
6561,4
6562,4
6563,4
6564,4
6565,4
6566,4
6567,5
6568,5
6569,5
6570,5
6571,5
6572,5
6573,5
6574,5
6575,5
6576,5
6577,4
6578,4
6579,4
6580,4
6581,4
6582,4
6583,4
6584,4
6585,4
6586,4
6587,4
6588,4
6589,4
6590,4
6591,4
6592,4
6593,4
6594,4
6595,4
6596,5
6597,5
6598,5
6599,5
6600,5
6601,5
6602,5
6603,5
6604,5
6605,5
6606,5
6607,5
6608,5
6609,6
6610,6
6611,6
6612,6
6613,6
6614,6
6615,6
6616,6
6617,6
6618,5
6619,5
6620,6
6621,6
6622,6
6623,6
6624,5
6625,4
6626,4
6627,4
6628,4
6629,3
6630,3
6631,3
6632,3
6633,3
6634,4
6635,4
6636,4
6637,4
6638,4
6639,4
6640,4
6641,3
6642,3
6643,3
6644,3
6645,3
6646,3
6647,3
6648,3
6649,3
6650,3
6651,3
6652,3
6653,3
6654,3
6655,3
6656,3
6657,3
6658,3
6659,3
6660,3
6661,3
6662,3
6663,3
6664,3
6665,3
6666,3
6667,3
6668,3
6669,3
6670,3
6671,3
6672,3
6673,3
6674,3
6675,3
6676,3
6677,3
6678,3
6679,3
6680,3
6681,3
6682,4
6683,4
6684,4
6685,4
6686,4
6687,4
6688,4
6689,3
6690,3
6691,3
6692,3
6693,3
6694,3
6695,3
6696,4
6697,4
6698,4
6699,4
6700,4
6701,4
6702,4
6703,4
6704,4
6705,4
6706,4
6707,4
6708,4
6709,4
6710,4
6711,4
6712,4
6713,4
6714,3
6715,3
6716,2
6717,2
6718,2
6719,2
6720,2
6721,2
6722,1
6723,1
6724,1
6725,1
6726,1
6727,1
6728,2
6729,2
6730,2
6731,2
6732,2
6733,2
6734,2
6735,2
6736,2
6737,2
6738,2
6739,2
6740,2
6741,2
6742,2
6743,2
6744,2
6745,2
6746,3
6747,4
6748,4
6749,4
6750,4
6751,4
6752,4
6753,4
6754,4
6755,4
6756,4
6757,4
6758,4
6759,4
6760,4
6761,4
6762,4
6763,4
6764,4
6765,4
6766,4
6767,4
6768,4
6769,4
6770,4
6771,4
6772,5
6773,5
6774,5
6775,5
6776,5
6777,5
6778,5
6779,5
6780,5
6781,5
6782,5
6783,5
6784,5
6785,5
6786,5
6787,5
6788,5
6789,5
6790,6
6791,6
6792,6
6793,6
6794,6
6795,6
6796,6
6797,6
6798,6
6799,6
6800,7
6801,7
6802,7
6803,7
6804,8
6805,8
6806,7
6807,7
6808,7
6809,7
6810,7
6811,8
6812,8
6813,8
6814,8
6815,8
6816,8
6817,8
6818,8
6819,8
6820,8
6821,8
6822,7
6823,7
6824,7
6825,7
6826,7
6827,7
6828,7
6829,7
6830,7
6831,7
6832,8
6833,8
6834,8
6835,9
6836,9
6837,9
6838,9
6839,8
6840,8
6841,8
6842,8
6843,8
6844,8
6845,8
6846,8
6847,7
6848,6
6849,6
6850,6
6851,6
6852,6
6853,6
6854,6
6855,6
6856,6
6857,6
6858,6
6859,6
6860,6
6861,6
6862,6
6863,6
6864,6
6865,6
6866,6
6867,6
6868,6
6869,7
6870,6
6871,6
6872,6
6873,6
6874,5
6875,5
6876,4
6877,4
6878,4
6879,4
6880,4
6881,4
6882,5
6883,5
6884,5
6885,5
6886,5
6887,5
6888,5
6889,5
6890,5
6891,5
6892,5
6893,5
6894,5
6895,5
6896,5
6897,5
6898,6
6899,6
6900,6
6901,6
6902,6
6903,6
6904,6
6905,5
6906,5
6907,5
6908,5
6909,4
6910,4
6911,5
6912,5
6913,5
6914,6
6915,6
6916,6
6917,6
6918,6
6919,6
6920,6
6921,6
6922,6
6923,6
6924,6
6925,6
6926,6
6927,6
6928,6
6929,6
6930,6
6931,7
6932,6
6933,7
6934,6
6935,6
6936,6
6937,6
6938,6
6939,6
6940,6
6941,6
6942,6
6943,5
6944,5
6945,5
6946,5
6947,5
6948,5
6949,5
6950,5
6951,5
6952,5
6953,5
6954,5
6955,5
6956,5
6957,5
6958,5
6959,5
6960,5
6961,5
6962,5
6963,5
6964,5
6965,5
6966,5
6967,5
6968,5
6969,4
6970,4
6971,4
6972,5
6973,6
6974,6
6975,6
6976,7
6977,6
6978,6
6979,6
6980,6
6981,6
6982,5
6983,6
6984,6
6985,6
6986,6
6987,6
6988,7
6989,7
6990,8
6991,8
6992,8
6993,8
6994,8
6995,8
6996,8
6997,8
6998,8
6999,8
7000,8
7001,8
7002,8
7003,8
7004,8
7005,8
7006,8
7007,8
7008,8
7009,8
7010,7
7011,7
7012,7
7013,7
7014,7
7015,7
7016,7
7017,7
7018,7
7019,7
7020,7
7021,7
7022,7
7023,6
7024,6
7025,6
7026,5
7027,5
7028,5
7029,5
7030,4
7031,4
7032,4
7033,5
7034,5
7035,5
7036,5
7037,5
7038,5
7039,4
7040,4
7041,4
7042,5
7043,5
7044,5
7045,6
7046,6
7047,6
7048,6
7049,6
7050,6
7051,6
7052,6
7053,6
7054,6
7055,6
7056,6
7057,6
7058,6
7059,6
7060,6
7061,6
7062,6
7063,6
7064,6
7065,6
7066,6
7067,7
7068,8
7069,8
7070,8
7071,8
7072,8
7073,8
7074,8
7075,8
7076,8
7077,9
7078,9
7079,9
7080,9
7081,9
7082,10
7083,10
7084,10
7085,11
7086,11
7087,11
7088,12
7089,13
7090,13
7091,13
7092,13
7093,14
7094,14
7095,14
7096,14
7097,14
7098,14
7099,16
7100,15
7101,14
7102,14
7103,14
7104,14
7105,14
7106,14
7107,14
7108,14
7109,14
7110,13
7111,13
7112,13
7113,13
7114,13
7115,13
7116,12
7117,11
7118,11
7119,11
7120,12
7121,12
7122,12
7123,12
7124,13
7125,13
7126,13
7127,12
7128,12
7129,12
7130,12
7131,12
7132,12
7133,11
7134,11
7135,11
7136,11
7137,11
7138,11
7139,11
7140,11
7141,12
7142,12
7143,12
7144,12
7145,11
7146,11
7147,11
7148,10
7149,9
7150,9
7151,8
7152,8
7153,8
7154,8
7155,8
7156,8
7157,9
7158,9
7159,9
7160,9
7161,9
7162,9
7163,9
7164,10
7165,9
7166,9
7167,9
7168,9
7169,9
7170,9
7171,9
7172,9
7173,9
7174,9
7175,8
7176,8
7177,8
7178,8
7179,8
7180,8
7181,8
7182,8
7183,8
7184,8
7185,8
7186,8
7187,8
7188,7
7189,7
7190,6
7191,6
7192,5
7193,5
7194,6
7195,6
7196,6
7197,6
7198,6
7199,6
7200,6
7201,6
7202,6
7203,6
7204,6
7205,6
7206,6
7207,6
7208,6
7209,6
7210,6
7211,6
7212,7
7213,7
7214,7
7215,7
7216,7
7217,7
7218,7
7219,7
7220,7
7221,6
7222,6
7223,6
7224,6
7225,6
7226,6
7227,6
7228,6
7229,6
7230,6
7231,6
7232,7
7233,7
7234,7
7235,7
7236,7
7237,7
7238,8
7239,8
7240,8
7241,8
7242,8
7243,9
7244,9
7245,9
7246,9
7247,9
7248,9
7249,9
7250,9
7251,9
7252,9
7253,9
7254,9
7255,9
7256,10
7257,10
7258,9
7259,9
7260,9
7261,9
7262,10
7263,10
7264,10
7265,11
7266,11
7267,11
7268,11
7269,11
7270,11
7271,11
7272,11
7273,11
7274,11
7275,11
7276,11
7277,11
7278,10
7279,9
7280,9
7281,9
7282,9
7283,10
7284,10
7285,10
7286,10
7287,10
7288,10
7289,10
7290,11
7291,11
7292,10
7293,9
7294,9
7295,9
7296,9
7297,9
7298,9
7299,8
7300,8
7301,8
7302,7
7303,7
7304,7
7305,7
7306,7
7307,7
7308,7
7309,7
7310,7
7311,6
7312,7
7313,6
7314,6
7315,6
7316,6
7317,6
7318,6
7319,6
7320,6
7321,6
7322,7
7323,7
7324,7
7325,6
7326,6
7327,6
7328,6
7329,6
7330,6
7331,6
7332,6
7333,6
7334,6
7335,6
7336,6
7337,6
7338,6
7339,6
7340,6
7341,6
7342,6
7343,6
7344,7
7345,7
7346,7
7347,7
7348,7
7349,7
7350,7
7351,6
7352,6
7353,6
7354,6
7355,7
7356,7
7357,8
7358,8
7359,8
7360,8
7361,8
7362,8
7363,9
7364,9
7365,9
7366,9
7367,8
7368,8
7369,7
7370,7
7371,7
7372,7
7373,7
7374,7
7375,7
7376,7
7377,7
7378,7
7379,7
7380,7
7381,7
7382,7
7383,7
7384,7
7385,6
7386,6
7387,6
7388,5
7389,6
7390,6
7391,6
7392,6
7393,6
7394,6
7395,6
7396,7
7397,7
7398,8
7399,8
7400,8
7401,8
7402,8
7403,7
7404,7
7405,7
7406,7
7407,7
7408,7
7409,7
7410,7
7411,7
7412,7
7413,7
7414,7
7415,7
7416,7
7417,6
7418,6
7419,6
7420,6
7421,6
7422,6
7423,6
7424,6
7425,6
7426,6
7427,6
7428,6
7429,7
7430,6
7431,6
7432,6
7433,6
7434,6
7435,6
7436,6
7437,6
7438,6
7439,6
7440,6
7441,5
7442,5
7443,5
7444,5
7445,5
7446,5
7447,5
7448,5
7449,5
7450,4
7451,4
7452,4
7453,4
7454,4
7455,4
7456,4
7457,4
7458,4
7459,5
7460,5
7461,6
7462,6
7463,6
7464,6
7465,6
7466,7
7467,7
7468,7
7469,7
7470,7
7471,7
7472,6
7473,6
7474,6
7475,6
7476,6
7477,5
7478,5
7479,5
7480,5
7481,5
7482,5
7483,4
7484,4
7485,3
7486,3
7487,3
7488,4
7489,4
7490,4
7491,4
7492,4
7493,4
7494,3
7495,3
7496,3
7497,3
7498,3
7499,3
7500,3
7501,4
7502,5
7503,5
7504,5
7505,5
7506,5
7507,5
7508,5
7509,4
7510,4
7511,4
7512,4
7513,4
7514,4
7515,4
7516,3
7517,4
7518,4
7519,5
7520,5
7521,5
7522,5
7523,4
7524,4
7525,4
7526,4
7527,4
7528,4
7529,4
7530,4
7531,4
7532,4
7533,4
7534,4
7535,4
7536,4
7537,4
7538,4
7539,4
7540,4
7541,4
7542,4
7543,4
7544,4
7545,3
7546,3
7547,3
7548,3
7549,3
7550,4
7551,4
7552,4
7553,4
7554,4
7555,4
7556,4
7557,4
7558,4
7559,4
7560,4
7561,4
7562,4
7563,4
7564,4
7565,4
7566,4
7567,4
7568,4
7569,4
7570,4
7571,4
7572,4
7573,4
7574,4
7575,4
7576,4
7577,4
7578,3
7579,3
7580,3
7581,3
7582,3
7583,3
7584,3
7585,3
7586,3
7587,3
7588,3
7589,3
7590,2
7591,2
7592,2
7593,2
7594,2
7595,2
7596,2
7597,2
7598,2
7599,2
7600,2
7601,2
7602,2
7603,2
7604,2
7605,2
7606,2
7607,2
7608,3
7609,3
7610,3
7611,4
7612,3
7613,3
7614,3
7615,3
7616,3
7617,3
7618,3
7619,3
7620,4
7621,4
7622,4
7623,4
7624,4
7625,5
7626,5
7627,5
7628,5
7629,5
7630,5
7631,5
7632,6
7633,6
7634,6
7635,6
7636,6
7637,6
7638,6
7639,6
7640,6
7641,6
7642,6
7643,6
7644,6
7645,6
7646,6
7647,6
7648,6
7649,7
7650,7
7651,7
7652,7
7653,7
7654,7
7655,7
7656,7
7657,8
7658,7
7659,7
7660,7
7661,6
7662,5
7663,5
7664,6
7665,7
7666,7
7667,7
7668,7
7669,6
7670,6
7671,6
7672,6
7673,6
7674,6
7675,6
7676,6
7677,6
7678,6
7679,6
7680,6
7681,6
7682,6
7683,7
7684,7
7685,7
7686,7
7687,7
7688,7
7689,7
7690,7
7691,7
7692,7
7693,6
7694,6
7695,6
7696,6
7697,6
7698,6
7699,5
7700,5
7701,5
7702,5
7703,5
7704,5
7705,5
7706,5
7707,5
7708,5
7709,5
7710,5
7711,5
7712,5
7713,5
7714,5
7715,5
7716,5
7717,5
7718,5
7719,5
7720,5
7721,5
7722,5
7723,5
7724,5
7725,5
7726,5
7727,6
7728,6
7729,6
7730,5
7731,5
7732,5
7733,5
7734,5
7735,5
7736,5
7737,5
7738,6
7739,5
7740,5
7741,5
7742,5
7743,5
7744,5
7745,5
7746,5
7747,5
7748,5
7749,5
7750,5
7751,5
7752,4
7753,4
7754,4
7755,4
7756,4
7757,4
7758,4
7759,4
7760,4
7761,4
7762,4
7763,4
7764,4
7765,4
7766,4
7767,4
7768,4
7769,4
7770,4
7771,4
7772,4
7773,4
7774,4
7775,4
7776,4
7777,4
7778,4
7779,4
7780,4
7781,4
7782,4
7783,3
7784,3
7785,3
7786,4
7787,4
7788,4
7789,4
7790,4
7791,4
7792,4
7793,4
7794,4
7795,4
7796,4
7797,4
7798,4
7799,3
7800,3
7801,3
7802,3
7803,3
7804,3
7805,3
7806,3
7807,3
7808,3
7809,3
7810,3
7811,3
7812,3
7813,3
7814,3
7815,3
7816,3
7817,3
7818,3
7819,3
7820,4
7821,4
7822,4
7823,4
7824,4
7825,4
7826,4
7827,4
7828,5
7829,5
7830,5
7831,5
7832,5
7833,5
7834,5
7835,5
7836,5
7837,5
7838,5
7839,5
7840,5
7841,5
7842,5
7843,5
7844,5
7845,5
7846,5
7847,5
7848,5
7849,4
7850,4
7851,4
7852,3
7853,3
7854,3
7855,3
7856,3
7857,2
7858,2
7859,2
7860,2
7861,2
7862,2
7863,2
7864,2
7865,2
7866,2
7867,2
7868,2
7869,2
7870,2
7871,2
7872,2
7873,2
7874,2
7875,2
7876,2
7877,3
7878,3
7879,3
7880,3
7881,3
7882,3
7883,3
7884,3
7885,3
7886,3
7887,3
7888,3
7889,3
7890,3
7891,3
7892,3
7893,3
7894,3
7895,3
7896,3
7897,3
7898,3
7899,4
7900,4
7901,4
7902,4
7903,4
7904,4
7905,4
7906,4
7907,4
7908,5
7909,5
7910,5
7911,4
7912,4
7913,4
7914,4
7915,4
7916,4
7917,4
7918,4
7919,4
7920,4
7921,4
7922,4
7923,4
7924,4
7925,4
7926,5
7927,5
7928,5
7929,5
7930,5
7931,5
7932,5
7933,5
7934,5
7935,5
7936,6
7937,6
7938,6
7939,6
7940,6
7941,7
7942,7
7943,7
7944,7
7945,5
7946,5
7947,6
7948,6
7949,6
7950,6
7951,5
7952,5
7953,5
7954,5
7955,5
7956,5
7957,5
7958,4
7959,4
7960,5
7961,5
7962,6
7963,6
7964,6
7965,6
7966,6
7967,6
7968,6
7969,6
7970,6
7971,5
7972,5
7973,5
7974,5
7975,5
7976,5
7977,5
7978,4
7979,4
7980,4
7981,4
7982,5
7983,5
7984,5
7985,5
7986,6
7987,6
7988,6
7989,6
7990,6
7991,6
7992,6
7993,6
7994,6
7995,6
7996,6
7997,6
7998,6
7999,6
8000,6
8001,6
8002,6
8003,6
8004,6
8005,6
8006,7
8007,7
8008,7
8009,7
8010,7
8011,7
8012,7
8013,7
8014,7
8015,7
8016,7
8017,7
8018,7
8019,7
8020,7
8021,7
8022,7
8023,6
8024,5
8025,5
8026,5
8027,4
8028,4
8029,4
8030,4
8031,4
8032,4
8033,4
8034,4
8035,4
8036,4
8037,3
8038,3
8039,3
8040,3
8041,3
8042,3
8043,4
8044,5
8045,5
8046,5
8047,4
8048,4
8049,4
8050,4
8051,4
8052,4
8053,4
8054,4
8055,4
8056,4
8057,4
8058,4
8059,4
8060,4
8061,4
8062,4
8063,4
8064,4
8065,4
8066,4
8067,4
8068,4
8069,4
8070,4
8071,4
8072,4
8073,4
8074,4
8075,4
8076,4
8077,4
8078,3
8079,3
8080,3
8081,3
8082,3
8083,3
8084,3
8085,3
8086,3
8087,3
8088,4
8089,5
8090,5
8091,5
8092,6
8093,6
8094,7
8095,7
8096,8
8097,8
8098,8
8099,9
8100,9
8101,9
8102,9
8103,9
8104,9
8105,9
8106,10
8107,11
8108,10
8109,10
8110,10
8111,10
8112,10
8113,10
8114,10
8115,11
8116,11
8117,11
8118,11
8119,11
8120,10
8121,10
8122,10
8123,10
8124,10
8125,10
8126,10
8127,6
8128,6
8129,6
8130,6
8131,6
8132,6
8133,6
8134,6
8135,6
8136,6
8137,6
8138,6
8139,5
8140,5
8141,5
8142,5
8143,6
8144,6
8145,7
8146,7
8147,7
8148,7
8149,7
8150,6
8151,6
8152,6
8153,6
8154,6
8155,6
8156,6
8157,7
8158,6
8159,5
8160,5
8161,5
8162,5
8163,5
8164,5
8165,5
8166,5
8167,6
8168,6
8169,6
8170,6
8171,6
8172,6
8173,6
8174,6
8175,6
8176,6
8177,6
8178,6
8179,6
8180,6
8181,7
8182,7
8183,7
8184,7
8185,7
8186,7
8187,7
8188,7
8189,7
8190,6
8191,6
8192,6
8193,6
8194,6
8195,7
8196,7
8197,7
8198,7
8199,7
8200,7
8201,7
8202,7
8203,7
8204,7
8205,6
8206,7
8207,7
8208,7
8209,7
8210,6
8211,6
8212,6
8213,6
8214,6
8215,7
8216,7
8217,7
8218,7
8219,7
8220,7
8221,6
8222,6
8223,6
8224,6
8225,6
8226,6
8227,6
8228,6
8229,6
8230,6
8231,6
8232,5
8233,5
8234,5
8235,5
8236,5
8237,5
8238,5
8239,5
8240,5
8241,6
8242,6
8243,6
8244,5
8245,6
8246,6
8247,6
8248,6
8249,5
8250,5
8251,5
8252,5
8253,5
8254,5
8255,5
8256,5
8257,5
8258,5
8259,5
8260,5
8261,5
8262,5
8263,5
8264,5
8265,5
8266,5
8267,5
8268,5
8269,5
8270,5
8271,5
8272,5
8273,4
8274,4
8275,5
8276,5
8277,5
8278,5
8279,5
8280,5
8281,5
8282,5
8283,5
8284,5
8285,5
8286,6
8287,6
8288,6
8289,6
8290,5
8291,5
8292,5
8293,5
8294,5
8295,5
8296,5
8297,5
8298,5
8299,5
8300,5
8301,5
8302,5
8303,5
8304,6
8305,6
8306,5
8307,4
8308,4
8309,4
8310,4
8311,4
8312,4
8313,4
8314,4
8315,4
8316,4
8317,3
8318,3
8319,3
8320,3
8321,4
8322,4
8323,4
8324,4
8325,5
8326,6
8327,6
8328,6
8329,6
8330,6
8331,6
8332,6
8333,6
8334,6
8335,6
8336,6
8337,6
8338,6
8339,6
8340,6
8341,6
8342,6
8343,6
8344,7
8345,7
8346,7
8347,8
8348,8
8349,8
8350,8
8351,9
8352,9
8353,9
8354,8
8355,7
8356,6
8357,6
8358,6
8359,6
8360,5
8361,5
8362,5
8363,5
8364,6
8365,6
8366,6
8367,6
8368,6
8369,6
8370,6
8371,6
8372,6
8373,5
8374,5
8375,5
8376,5
8377,6
8378,6
8379,6
8380,6
8381,6
8382,6
8383,6
8384,6
8385,6
8386,6
8387,6
8388,6
8389,6
8390,6
8391,6
8392,6
8393,6
8394,6
8395,6
8396,6
8397,7
8398,8
8399,8
8400,8
8401,8
8402,8
8403,8
8404,9
8405,9
8406,9
8407,9
8408,9
8409,9
8410,9
8411,10
8412,9
8413,8
8414,8
8415,8
8416,8
8417,8
8418,8
8419,8
8420,8
8421,8
8422,8
8423,8
8424,8
8425,8
8426,8
8427,8
8428,8
8429,8
8430,9
8431,9
8432,9
8433,10
8434,10
8435,10
8436,10
8437,10
8438,10
8439,10
8440,11
8441,11
8442,11
8443,11
8444,10
8445,10
8446,10
8447,10
8448,10
8449,10
8450,11
8451,11
8452,11
8453,11
8454,11
8455,11
8456,11
8457,11
8458,11
8459,11
8460,11
8461,11
8462,11
8463,11
8464,11
8465,11
8466,11
8467,11
8468,11
8469,11
8470,11
8471,11
8472,11
8473,11
8474,12
8475,11
8476,11
8477,11
8478,11
8479,11
8480,10
8481,9
8482,9
8483,9
8484,9
8485,9
8486,9
8487,8
8488,8
8489,8
8490,8
8491,9
8492,9
8493,9
8494,9
8495,9
8496,9
8497,9
8498,9
8499,9
8500,9
8501,9
8502,9
8503,10
8504,10
8505,10
8506,9
8507,8
8508,8
8509,8
8510,8
8511,8
8512,9
8513,10
8514,11
8515,10
8516,10
8517,10
8518,10
8519,10
8520,10
8521,10
8522,10
8523,10
8524,11
8525,11
8526,12
8527,11
8528,11
8529,11
8530,11
8531,11
8532,11
8533,11
8534,10
8535,10
8536,10
8537,9
8538,9
8539,9
8540,8
8541,9
8542,9
8543,10
8544,9
8545,9
8546,9
8547,9
8548,9
8549,9
8550,9
8551,9
8552,9
8553,9
8554,9
8555,8
8556,8
8557,8
8558,9
8559,9
8560,9
8561,9
8562,9
8563,9
8564,9
8565,9
8566,9
8567,9
8568,9
8569,9
8570,10
8571,10
8572,10
8573,10
8574,9
8575,9
8576,9
8577,8
8578,8
8579,8
8580,8
8581,8
8582,9
8583,9
8584,10
8585,10
8586,11
8587,10
8588,10
8589,10
8590,10
8591,10
8592,10
8593,10
8594,10
8595,10
8596,9
8597,9
8598,9
8599,9
8600,9
8601,9
8602,9
8603,9
8604,9
8605,9
8606,9
8607,9
8608,10
8609,10
8610,10
8611,10
8612,10
8613,10
8614,10
8615,10
8616,10
8617,10
8618,10
8619,10
8620,10
8621,10
8622,10
8623,10
8624,10
8625,11
8626,11
8627,12
8628,12
8629,11
8630,11
8631,11
8632,10
8633,9
8634,9
8635,9
8636,9
8637,9
8638,9
8639,8
8640,8
8641,8
8642,8
8643,9
8644,9
8645,9
8646,9
8647,9
8648,9
8649,9
8650,9
8651,8
8652,8
8653,8
8654,8
8655,9
8656,9
8657,8
8658,8
8659,8
8660,8
8661,8
8662,8
8663,8
8664,8
8665,8
8666,8
8667,8
8668,8
8669,8
8670,8
8671,8
8672,8
8673,9
8674,9
8675,9
8676,9
8677,9
8678,9
8679,9
8680,9
8681,9
8682,10
8683,10
8684,10
8685,10
8686,10
8687,10
8688,10
8689,10
8690,10
8691,10
8692,9
8693,9
8694,10
8695,10
8696,10
8697,10
8698,11
8699,11
8700,10
8701,11
8702,11
8703,11
8704,11
8705,11
8706,11
8707,11
8708,11
8709,11
8710,11
8711,11
8712,11
8713,11
8714,11
8715,11
8716,11
8717,11
8718,11
8719,11
8720,11
8721,11
8722,11
8723,11
8724,11
8725,11
8726,11
8727,12
8728,12
8729,12
8730,12
8731,12
8732,12
8733,12
8734,12
8735,12
8736,12
8737,12
8738,11
8739,11
8740,11
8741,11
8742,12
8743,12
8744,12
8745,13
8746,13
8747,13
8748,13
8749,13
8750,13
8751,12
8752,12
8753,13
8754,12
8755,12
8756,13
8757,13
8758,13
8759,16
8760,16
