"day","sunrise","sunset"
1,481.554183586845,958.445816413155
2,1920.99172162969,2399.00827837031
3,3360.38152587897,3839.61847412103
4,4799.72431050395,5280.27568949605
5,6239.02083531645,6720.97916468355
6,7678.27190265029,8161.72809734971
7,9117.47835414395,9602.52164585605
8,10556.6410674516,11043.3589325484
9,11995.7609529072,12484.2390470928
10,13434.838950165,13925.161049835
11,14873.8760248401,15366.1239751599
12,16312.8731651695,16807.1268348305
13,17751.8313787148,18248.1686212852
14,19190.7516891248,19689.2483108752
15,20629.635132975,21130.364867025
16,22068.482756699,22571.517243301
17,23507.2956136259,24012.7043863741
18,24946.0747611349,25453.9252388651
19,26384.8212579373,26895.1787420627
20,27823.5361614936,28336.4638385064
21,29262.2205255733,29777.7794744267
22,30700.8753979611,31219.1246020389
23,32139.5018183131,32660.4981816869
24,33578.1008161665,34101.8991838335
25,35016.6734091012,35543.3265908988
26,36455.2206010538,36984.7793989462
27,37893.7433807838,38426.2566192162
28,39332.2427204868,39867.7572795132
29,40770.7195745533,41309.2804254467
30,42209.1748784687,42750.8251215313
31,43647.609547849,44192.390452151
32,45086.0244776083,45633.9755223917
33,46524.4205412508,47075.5794587492
34,47962.7985902833,48517.2014097167
35,49401.1594537409,49958.8405462591
36,50839.5039378191,51400.4960621809
37,52277.832825608,52842.167174392
38,53716.1468769194,54283.8531230806
39,55154.4468282034,55725.5531717966
40,56592.7333925455,57167.2666074545
41,58031.0072597402,58608.9927402598
42,59469.2690964336,60050.7309035664
43,60907.5195463306,61492.4804536694
44,62345.7592304599,62934.2407695401
45,63783.9887474917,64376.0112525083
46,65222.208674104,65817.791325896
47,66660.4195653914,67259.5804346086
48,68098.6219553125,68701.3780446875
49,69536.8163571718,70143.1836428282
50,70975.0032641307,71584.9967358693
51,72413.1831497466,73026.8168502534
52,73851.356468533,74468.643531467
53,75289.5236565409,75910.4763434591
54,76727.6851319555,77352.3148680445
55,78165.8412957077,78794.1587042923
56,79603.9925320969,80236.0074679031
57,81042.1392094225,81677.8607905775
58,82480.2816806228,83119.7183193772
59,83918.4202839188,84561.5797160812
60,85356.5553434623,86003.4446565377
61,86794.6871699847,87445.3128300153
62,88232.816061448,88887.183938552
63,89670.942303694,90329.057696306
64,91109.0661710932,91770.9338289068
65,92547.1879271905,93212.8120728095
66,93985.3078253483,94654.6921746517
67,95423.4261093861,96096.5738906139
68,96861.5430142153,97538.4569857847
69,98299.65876647,98980.34123353
70,99737.7735851328,100422.226414867
71,101175.887682155,101864.112317845
72,102614.001263072,103305.998736928
73,104052.114527613,104747.885472387
74,105490.227670306,106189.772329694
75,106928.340881077,107631.659118923
76,108366.454345842,109073.545654158
77,109804.568247098,110515.431752902
78,111242.682764506,111957.317235494
79,112680.798075466,113399.201924534
80,114118.914355695,114841.085644305
81,115557.031779797,116282.968220203
82,116995.150521824,117724.849478176
83,118433.270755837,119166.729244163
84,119871.39265647,120608.60734353
85,121309.516399473,122050.483600527
86,122747.642162271,123492.357837729
87,124185.770124506,124934.229875494
88,125623.90046858,126376.09953142
89,127062.0333802,127817.9666198
90,128500.169048911,129259.830951089
91,129938.307668634,130701.692331366
92,131376.449438198,132143.550561802
93,132814.594561869,133585.405438131
94,134252.743249877,135027.256750123
95,135690.895718941,136469.104281059
96,137129.05219279,137910.94780721
97,138567.212902679,139352.787097321
98,140005.378087907,140794.621912093
99,141443.547996322,142236.452003678
100,142881.722884835,143678.277115165
101,144319.903019913,145120.096980087
102,145758.088678081,146561.911321919
103,147196.280146409,148003.719853591
104,148634.477722996,149445.522277004
105,150072.681717445,150887.318282555
106,151510.892451326,152329.107548674
107,152949.110258638,153770.889741362
108,154387.335486248,155212.664513752
109,155825.568494326,156654.431505674
110,157263.809656763,158096.190343237
111,158702.059361573,159537.940638427
112,160140.318011276,160979.681988724
113,161578.586023266,162421.413976734
114,163016.863830151,163863.136169849
115,164455.151880077,165304.848119923
116,165893.450637018,166746.549362982
117,167331.760581042,168188.239418958
118,168770.082208549,169629.917791451
119,170208.416032466,171071.583967534
120,171646.76258241,172513.23741759
121,173085.122404817,173954.877595183
122,174523.496063017,175396.503936983
123,175961.88413727,176838.11586273
124,177400.287224752,178279.712775248
125,178838.705939484,179721.294060516
126,180277.140912209,181162.859087791
127,181715.592790208,182604.407209792
128,183154.062237049,184045.937762951
129,184592.549932276,185487.450067724
130,186031.056571017,186928.943428983
131,187469.582863533,188370.417136467
132,188908.129534675,189811.870465325
133,190346.697323268,191253.302676732
134,191785.286981413,192694.713018587
135,193223.899273702,194136.100726298
136,194662.534976339,195577.465023661
137,196101.194876181,197018.805123819
138,197539.879769678,198460.120230322
139,198978.590461724,199901.409538276
140,200417.327764415,201342.672235585
141,201856.092495709,202783.907504291
142,203294.885477998,204225.114522002
143,204733.70753658,205666.29246342
144,206172.559498052,207107.440501948
145,207611.442188602,208548.557811398
146,209050.356432226,209989.643567774
147,210489.303048864,211430.696951136
148,211928.282852455,212871.717147545
149,213367.296648937,214312.703351063
150,214806.345234167,215753.654765833
151,216245.429391807,217194.570608193
152,217684.549891152,218635.450108848
153,219123.707484927,220076.292515073
154,220562.902907069,221517.097092931
155,222002.136870482,222957.863129518
156,223441.410064803,224398.589935197
157,224880.723154178,225839.276845822
158,226320.076775062,227279.923224938
159,227759.471534062,228720.528465938
160,229198.908005832,230161.091994168
161,230638.386731041,231601.613268959
162,232077.908214417,233042.091785583
163,233517.472922891,234482.527077109
164,234957.081283854,235922.918716146
165,236396.733683536,237363.266316464
166,237836.43046552,238803.56953448
167,239276.171929405,240243.828070595
168,240715.958329633,241684.041670367
169,242155.789874474,243124.210125526
170,243595.666725202,244564.333274798
171,245035.588995442,246004.411004558
172,246475.556750717,247444.443249283
173,247915.570008181,248884.429991819
174,249355.628736553,250324.371263447
175,250795.732856242,251764.267143758
176,252235.882239676,253204.117760324
177,253676.076711813,254643.923288187
178,255116.316050846,256083.683949154
179,256556.599989093,257523.400010907
180,257996.928214055,258963.071785945
181,259437.300369642,260402.699630358
182,260877.716057561,261842.283942439
183,262318.174838838,263281.825161162
184,263758.676235486,264721.323764514
185,265199.219732279,266160.780267721
186,266639.804778645,267600.195221355
187,268080.430790643,269039.569209357
188,269521.097153022,270478.902846978
189,270961.803221345,271918.196778655
190,272402.54832416,273357.45167584
191,273843.331765209,274796.668234791
192,275284.152825659,276235.847174341
193,276725.010766341,277674.989233659
194,278165.904829984,279114.095170016
195,279606.834243439,280553.165756561
196,281047.798219866,281992.201780134
197,282488.795960891,283431.204039109
198,283929.826658717,284870.173341283
199,285370.889498169,286309.110501831
200,286811.983658689,287748.016341311
201,288253.108316249,289186.891683751
202,289694.262645197,290625.737354803
203,291135.44582001,292064.55417999
204,292576.657016978,293503.342983022
205,294017.89541578,294942.10458422
206,295459.160200988,296380.839799012
207,296900.450563463,297819.549436537
208,298341.765701667,299258.234298333
209,299783.104822874,300696.895177126
210,301224.467144296,302135.532855704
211,302665.851894105,303574.148105895
212,304107.258312377,305012.741687623
213,305548.685651932,306451.314348068
214,306990.1331791,307889.8668209
215,308431.600174392,309328.399825608
216,309873.085933097,310766.914066903
217,311314.589765791,312205.410234209
218,312756.110998782,313643.889001218
219,314197.648974469,315082.351025531
220,315639.203051644,316520.796948356
221,317080.772605723,317959.227394277
222,318522.357028911,319397.642971089
223,319963.955730321,320836.044269679
224,321405.568136022,322274.431863978
225,322847.193689052,323712.806310948
226,324288.831849367,325151.168150633
227,325730.482093761,326589.517906239
228,327172.14391573,328027.85608427
229,328613.816825309,329466.183174691
230,330055.50034887,330904.49965113
231,331497.194028882,332342.805971118
232,332938.897423649,333781.102576351
233,334380.610107019,335219.389892981
234,335822.331668066,336657.668331934
235,337264.061710749,338095.938289251
236,338705.799853555,339534.200146445
237,340147.545729121,340972.454270879
238,341589.298983839,342410.701016161
239,343031.059277447,343848.940722553
240,344472.826282609,345287.173717391
241,345914.599684482,346725.400315518
242,347356.379180271,348163.620819729
243,348798.164478777,349601.835521223
244,350239.955299938,351040.044700062
245,351681.751374364,352478.248625636
246,353123.552442858,353916.447557142
247,354565.358255945,355354.641744055
248,356007.168573385,356792.831426615
249,357448.983163688,358231.016836312
250,358890.801803624,359669.198196376
251,360332.624277732,361107.375722268
252,361774.450377821,362545.549622179
253,363216.279902474,363983.720097526
254,364658.112656552,365421.887343448
255,366099.948450683,366860.051549317
256,367541.787100769,368298.212899231
257,368983.628427472,369736.371572528
258,370425.472255709,371174.527744291
259,371867.318414143,372612.681585857
260,373309.166734672,374050.833265328
261,374751.017051914,375488.982948086
262,376192.869202689,376927.130797311
263,377634.723025503,378365.276974497
264,379076.578360027,379803.421639973
265,380518.435046566,381241.564953434
266,381960.29292554,382679.70707446
267,383402.151836945,384117.848163055
268,384844.011619823,385555.988380177
269,386285.872111718,386994.127888282
270,387727.733148135,388432.266851865
271,389169.594561992,389870.405438008
272,390611.456183064,391308.543816936
273,392053.317837427,392746.682162573
274,393495.179346893,394184.820653107
275,394937.040528443,395622.959471557
276,396378.901193647,397061.098806353
277,397820.76114809,398499.23885191
278,399262.620190783,399937.379809217
279,400704.478113567,401375.521886433
280,402146.334700522,402813.665299478
281,403588.189727359,404251.810272641
282,405030.04296081,405689.95703919
283,406471.894158017,407128.105841983
284,407913.743065913,408566.256934087
285,409355.589420593,410004.410579407
286,410797.432946694,411442.567053306
287,412239.273356759,412880.726643241
288,413681.110350606,414318.889649394
289,415122.943614693,415757.056385307
290,416564.772821486,417195.227178514
291,418006.597628819,418633.402371181
292,419448.417679268,420071.582320732
293,420890.232599522,421509.767400478
294,422332.041999756,422947.958000244
295,423773.845473022,424386.154526978
296,425215.642594643,425824.357405357
297,426657.432921615,427262.567078385
298,428099.215992036,428700.784007964
299,429540.991324538,430139.008675462
300,430982.758417752,431577.241582248
301,432424.516749792,433015.483250208
302,433866.265777763,434453.734222237
303,435308.004937306,435891.995062694
304,436749.733642177,437330.266357823
305,438191.451283869,438768.548716131
306,439633.157231268,440206.842768732
307,441074.850830377,441645.149169623
308,442516.531404075,443083.468595925
309,443958.198251953,444521.801748047
310,445399.850650206,445960.149349794
311,446841.4878516,447398.5121484
312,448283.109085522,448836.890914478
313,449724.713558104,450275.286441896
314,451166.300452447,451713.699547553
315,452607.868928938,453152.131071062
316,454049.418125669,454590.581874331
317,455490.947158973,456029.052841027
318,456932.455124065,457467.544875935
319,458373.941095816,458906.058904184
320,459815.404129648,460344.595870352
321,461256.843262563,461783.156737437
322,462698.257514315,463221.742485685
323,464139.645888719,464660.354111281
324,465581.007375113,466098.992624887
325,467022.340949961,467537.659050039
326,468463.645578615,468976.354421385
327,469904.92021723,470415.07978277
328,471346.163814825,471853.836185175
329,472787.375315503,473292.624684497
330,474228.553660813,474731.446339187
331,475669.697792265,476170.302207735
332,477110.806653975,477609.193346025
333,478551.879195451,479048.120804549
334,479992.914374494,480487.085625506
335,481433.911160213,481926.088839787
336,482874.868536146,483365.131463854
337,484315.785503453,484804.214496547
338,485756.661084194,486243.338915806
339,487197.494324645,487682.505675355
340,488638.284298648,489121.715701352
341,490079.030110983,490560.969889017
342,491519.730900713,492000.269099287
343,492960.385844503,493439.614155497
344,494400.994159882,494879.005840118
345,495841.555108412,496318.444891588
346,497282.067998761,497757.932001239
347,498722.532189629,499197.467810371
348,500162.947092524,500637.052907476
349,501603.31217435,502076.68782565
350,503043.626959793,503516.373040207
351,504483.891033469,504956.108966531
352,505924.104041838,506395.895958162
353,507364.265694837,507835.734305163
354,508804.375767237,509275.624232763
355,510244.434099706,510715.565900294
356,511684.440599561,512155.559400439
357,513124.395241206,513595.604758794
358,514564.298066255,515035.701933745
359,516004.149183331,516475.850816669
360,517443.948767555,517916.051232445
361,518883.69705971,519356.30294029
362,520323.394365113,520796.605634887
363,521763.041052188,522236.958947812
364,523202.63755076,523677.36244924
365,524642.18435009,525117.81564991
